"Id","Y1","Y2","Y3","Y4","Y5","Y6","T1","T2","T3","T4","T5","T6","X1","","","","","","","gr"
1,0.999999999999082,0.999999931938294,0.801539528016343,0.172269847967919,0.0717947219566454,0.744631465023032,1,2,3,4,5,6,2.3094,-0.05,-2.98,2.54,4.44,-2.2,0.83,2
2,0.999994562164507,0.995544837777219,0.911681007300272,0.00337694668036238,0.286094772381943,0.058332310184278,1,2,3,4,5,6,4.775,-0.15,2.63,4.11,-2.21,2.35,-0.02,2
3,0.999903944686276,0.999885240462181,0.976076455722985,0.697458005046031,0.718558195979973,2.19657658811156e-06,1,2,3,4,5,6,3.7251,4.99,0.68,3.96,4.93,-3.25,-4.7,2
4,2.66474620642394e-14,0.973677452765343,0.92275913317797,0.993453411789242,0.359639295539578,0.562176615424336,1,2,3,4,5,6,-1.2913,0.53,1.41,-4.76,-3,2.33,4.25,1
5,0.586943536303218,0.980456649059872,0.498416279726169,0.743953420490273,0.28850482795159,1.1863450726046e-07,1,2,3,4,5,6,3.2818,3.69,1.42,2.49,2.85,-4.2,4.58,2
6,6.56280541752773e-05,0.0393158588633684,0.739608873375124,0.829045475830225,0.0862025135215623,0.0132490161463422,1,2,3,4,5,6,4.8153,1.34,-1.95,0.48,0.3,-4.75,2.33,1
7,0.00625437882413236,0.19004743552957,0.513563387205211,0.75818656655397,0.403587156641521,0.0731672667474392,1,2,3,4,5,6,-1.1747,-4.09,-0.09,1.08,-3.9,4.15,-3.8,1
8,0.517231520701372,0.555777457916351,0.2299095857956,0.0797784198963946,0.0242727383743755,0.00122194770883247,1,2,3,4,5,6,2.078,-4.42,4.78,0.01,2.69,-3.87,-1.57,2
9,1.21425684602126e-08,0.0339500767991927,0.31400083341795,0.373341847731372,0.703823758111348,7.91179168180905e-06,1,2,3,4,5,6,-1.5589,-1.42,-4.64,-1.1,-1.19,4.09,-4.75,1
10,0.972084904612056,0.937856853100769,0.592479875923286,0.207453381752328,0.195081541283377,0.0902895191036503,1,2,3,4,5,6,0.1897,-0.28,2.61,1.72,-4.87,2.66,-2.62,2
11,0.551029252609847,0.983408116692829,0.631414436219388,0.20240531306624,0.157170016364642,0.000191785323990376,1,2,3,4,5,6,2.252,1.71,3.6,0.41,1.68,-4.73,-4.95,2
12,0.862824794657934,0.611667947266488,0.916454505896081,0.603471451834057,0.321169177358136,0.307189280693332,1,2,3,4,5,6,2.2416,2.1,-3.57,0.5,3.21,1.49,2.26,2
13,0.0129631006342768,0.616497504226407,0.612072112671552,0.662287590963329,0.144998598787769,0.171556147189453,1,2,3,4,5,6,2.3313,3.13,-2.04,4.97,-1.84,-0.03,-0.74,1
14,0.89455802733035,0.99999597860376,0.843989466856227,0.277458311317247,0.356412581869467,0.0357492836729806,1,2,3,4,5,6,-0.8903,-4.44,2.62,2.15,-1.94,-2.83,-0.54,2
15,0.999973939448349,0.909433401262435,0.811299185563513,0.64483817241764,0.0253124218896527,0.0237456057466825,1,2,3,4,5,6,1.1182,0.81,0.82,-4.54,-2.66,-0.27,-4.65,2
16,0.999797885547209,0.984255374729932,0.0989854119806681,0.089127492730173,0.0311993024067205,0.154920279560418,1,2,3,4,5,6,1.6755,2.85,3.89,-1.16,-0.45,3.66,4.94,2
17,3.99262207417105e-07,0.51668496841868,0.999369604625273,0.846311831895705,0.828808992059153,0.359792210005269,1,2,3,4,5,6,3.5026,-4.66,3.24,-0.19,3.98,-4.15,0.23,1
18,0.00508021770102732,0.250857674823699,0.78311931343081,0.820733963467939,0.388414254621777,0.719128536071661,1,2,3,4,5,6,3.2017,1.91,-0.58,-4.79,1.02,-0.14,4.05,1
19,0.808183981680149,0.319740064162711,0.667379435261969,0.0237193067875166,0.0318158667618625,2.22044604925031e-16,1,2,3,4,5,6,0.2792,1.6,4.89,0.51,3.9,1.03,4.37,2
20,0.999996658457888,0.999505469113906,0.881496268629693,0.399316313053039,0.379865386437033,1.24286689173043e-07,1,2,3,4,5,6,4.5549,3.03,-2.31,-0.82,-4.83,2.29,-2.44,2
21,0.985889047399409,0.198738848240272,0.463000327853183,0.405458583032977,0.00190574409675804,0.0186785284696902,1,2,3,4,5,6,1.5893,1.87,4.15,1.92,-4.62,1.7,2.55,2
22,0.999999999651981,0.781743221262024,0.999999999999924,0.589034283969086,0.590015951727874,0.661205454352815,1,2,3,4,5,6,1.4354,-0.94,-4.77,-2.04,0.33,-2.73,-0.74,2
23,4.73257466797385e-05,0.778812931048176,0.882537974435291,0.991982954282044,0.661618414142082,0.003849147929234,1,2,3,4,5,6,0.3383,-0.88,1.39,0.37,4.07,2.88,1.26,1
24,0.999606724826833,0.828406166820396,0.868796638524664,0.673276288892654,6.68807869378781e-08,0.00703100168249856,1,2,3,4,5,6,3.4419,0.9,1.83,-3.75,-3.92,-2.22,4.51,2
25,0.988017577131518,0.991183974807008,0.877680210538729,0.123756327979282,0.00312630701473218,0.221426819866364,1,2,3,4,5,6,0.9768,3.48,-1.63,0.98,-2.36,-0.31,-0.35,2
26,4.43906714570942e-05,0.746490052441124,0.814105463411934,0.930087505036461,0.609188234735801,2.59696257860029e-07,1,2,3,4,5,6,-1.0735,3.9,-0.1,-1.19,-1.83,2.76,-3.93,1
27,0.0846760258842047,0.66203087812737,0.991298923743074,0.865907439008085,0.879419074389942,0.749642380796833,1,2,3,4,5,6,-0.246,-2.8,3.44,2.84,-2.75,-1.36,4.38,1
28,0.975836024569951,0.991192681596231,0.908264614741318,0.121837797409034,0.131599824465311,0.00309576551182494,1,2,3,4,5,6,3.5902,-1.22,-1.04,0.28,-3.07,-3.56,-3.09,2
29,1.56350034419642e-07,0.58676877845477,0.779942896520353,0.676056712666086,0.747534107449163,0.195682558633804,1,2,3,4,5,6,-1.7066,4.77,-1.88,2.82,-1.81,-2.9,-2.38,1
30,0.999999885568755,0.999952432105045,0.521955597472208,0.396106612911809,0.00147688413390753,0.0164733585294955,1,2,3,4,5,6,4.4422,-3.55,-1.23,2.52,-2.32,-2.8,-3.2,2
31,0.99784799867953,0.606335261475434,0.950955341087651,0.137679615649276,0.0251979059019325,0.0106021916512152,1,2,3,4,5,6,3.2743,4.59,2.32,3.62,3.79,-2.12,4.58,2
32,0.998994556257121,0.999997902630102,0.641435957213284,0.533688468358982,0.788275675780123,0.0317163536788441,1,2,3,4,5,6,4.2277,-4.34,-2.65,4.97,4.41,-2.21,-2.3,2
33,0.784825714202641,0.839991103717799,0.651625812503822,0.362182636145597,0.0544707052235179,0.167901057208727,1,2,3,4,5,6,1.1967,0.33,3.59,0.2,3.18,-3.55,-3.6,2
34,0.859586894360283,0.755487989607703,0.556429533240348,0.271757555392067,0.226458606701212,1.71674115615198e-08,1,2,3,4,5,6,4.8167,-4.31,2.17,-4.72,-4.69,-1.19,2.68,2
35,0.000146636136139994,0.0242031976285398,0.576817470575054,0.875434630615645,0.14711063360323,0.0349785882312635,1,2,3,4,5,6,2.7336,-3.64,0.67,4.05,0.47,-4.23,-1.49,1
36,0.995422404522339,0.821262378248578,0.585222935781702,0.0215398204395858,0.228375875157093,1.17679131579018e-11,1,2,3,4,5,6,1.2555,-1.11,2.41,2.98,4.95,1.59,-4.02,2
37,0.0232725723647765,0.739297092713259,0.568751455553742,0.943341768424081,0.84327800043471,0.450240603142397,1,2,3,4,5,6,-1.2417,-3.89,3.16,1.86,2.82,-1.9,4.9,1
38,0.996775177778962,0.990804331227956,0.529179499848942,0.763097941059952,0.027980972587651,0.147624909450602,1,2,3,4,5,6,3.7143,-2.78,-2.36,4.52,0.52,1.25,-1.08,2
39,0.981590142926462,0.967006661561239,0.834523848710031,0.162193251245637,1.9368553521017e-06,0.313446562643812,1,2,3,4,5,6,0.988,-4.31,3.97,4.05,-2.28,2.97,3.19,2
40,0.00720111340535441,0.342751969110912,0.724948470783362,0.949339995757953,0.645192522234993,0.738991938286109,1,2,3,4,5,6,-0.6983,1.12,1.71,3.72,-0.53,0.6,0.51,1
41,0.994171977781497,0.286004282464401,0.587601629376797,0.0531542846877117,0.136252091346836,6.03236510998589e-05,1,2,3,4,5,6,3.8261,-4.6,3.74,-0.8,4.58,0.38,-1.17,2
42,3.36369797765249e-15,0.126874068605877,0.963510595342949,0.869662755444219,0.0499882831737664,0.376023923134632,1,2,3,4,5,6,-0.3764,1.82,-2.05,0.61,1.84,2.32,1.29,1
43,0.0742748817625872,0.448421258602396,0.389891894947215,0.973621179105738,0.59602418864426,0.427036768086232,1,2,3,4,5,6,4.6255,1.24,1.13,2.59,-4.79,2.03,0.03,1
44,0.999885458374716,0.99999481798948,0.986497070964621,0.904004253032506,0.907313950875591,0.117434625979129,1,2,3,4,5,6,1.009,-0.31,-4.28,2.78,4.12,-3.67,4.74,2
45,0.994622701657832,0.999279400702859,0.942069798249366,0.318047447842329,0.0704618671058375,0.113237332054234,1,2,3,4,5,6,0.595,-4.22,1,4.48,-0.06,1.69,2.46,2
46,0.999999999955392,0.999602810471937,0.883384075102069,0.943688803462589,0.729738511449793,0.24945988500744,1,2,3,4,5,6,4.8395,0.04,-2.84,-2.43,4.04,1.43,0.05,2
47,0.999420191975716,0.993919030440784,0.898461919247402,0.291969103926463,0.0152580494421617,0.146767630114453,1,2,3,4,5,6,2.8971,0.37,2.09,0.79,3.35,-0.76,0.17,2
48,0.930768228796231,0.403814523392891,0.830027310825643,0.00886225791120286,0.0642953970298947,0.000356302929787434,1,2,3,4,5,6,1.7315,0.18,2.61,-4.04,3.55,4.72,-1.1,2
49,0.845569793998794,0.995997718898399,0.495726658569166,0.643051601012046,0.163308969828507,0.00460755159100125,1,2,3,4,5,6,4.5978,-0.96,2.58,-3.07,-4.61,3.42,-2.77,2
50,0.00016417530789397,0.27058252093172,0.976230188588501,0.508621740163524,0.797189264919018,0.352196371314195,1,2,3,4,5,6,0.4796,-2.33,4.75,0.81,-4.86,-3.19,-4.84,1
51,0.104904139549056,0.602898974243177,0.724167535492272,0.676524189826234,0.364735811659612,0.0104799248558839,1,2,3,4,5,6,3.0188,3.87,0.33,-1.72,-2.14,-4.23,-1.21,1
52,0.999987338603107,0.892724106693122,0.556480575461575,0.285570688321474,0.0888460374340129,0.612831450439238,1,2,3,4,5,6,-0.9039,-2.03,-3.6,3.58,-0.32,-2.18,4.06,2
53,4.30842558368133e-06,0.0651457321513674,0.0680853326235822,0.483278454904483,0.797620171788234,0.00810534409419473,1,2,3,4,5,6,-0.6008,0.54,-4.8,2.99,4.49,-3.79,-1.21,1
54,0.994229249961978,0.864813228344752,0.499898046789376,0.520983191263236,0.715773550182953,0.00421503736964232,1,2,3,4,5,6,1.6975,-4.89,1.71,-0.82,-2.64,4.74,4.97,2
55,0.999995989540851,0.266287658519795,0.895823773913379,0.647519631811919,0.0500474471990842,0.00145169988880075,1,2,3,4,5,6,4.6745,-3.29,-0.16,1.69,1.62,1.99,-0.63,2
56,0.0266385745613475,0.493849751027771,0.671507872520865,0.897160303858321,0.96464953779737,0.494234594525505,1,2,3,4,5,6,0.7711,-1.93,1.45,4.34,1.85,1.48,1.72,1
57,0.999959901337549,0.897191450725875,0.503624420233177,0.93193197908226,0.304130195346309,0.00202799128865649,1,2,3,4,5,6,2.1358,4.35,-2.5,-4.66,2.79,3.72,4.33,2
58,0.98010785790488,0.897075794062484,0.991146736267014,0.288896668020259,4.68627446663371e-07,0.000245454366181872,1,2,3,4,5,6,1.1938,-4.93,4.22,-2.2,0.16,-2.44,-0.37,2
59,0.999146350585652,0.994666428338232,0.286456411413328,0.217718503793029,0.0453098807150691,1.24059969102724e-06,1,2,3,4,5,6,0.7985,-0.89,1.85,3.44,4.94,-2.9,3.99,2
60,0.997899104484491,0.998968828042794,0.602574783514088,0.816230665566958,0.452806381371551,0.00253060853177613,1,2,3,4,5,6,3.396,3.52,0.38,1.5,3.79,-3.71,4.52,2
61,0.943333670361964,0.999252170466614,0.489156839841848,0.747177003022294,0.600531960105463,0.0291715425585483,1,2,3,4,5,6,0.8988,-2.38,1.03,-1.56,-2.9,-0.4,-1.51,2
62,0.904530560082755,0.994316785822043,0.892530600743572,0.549622612698624,0.184190096824546,0.65218055603928,1,2,3,4,5,6,2.5571,4.59,4.23,1.96,4.72,-2.48,-0.32,2
63,0.983334906073073,0.912364499506978,0.577956499838462,0.577589289247104,0.852555666481646,0.00781772356297458,1,2,3,4,5,6,1.5735,-2.37,-4.22,4.66,4.32,0.8,-2.9,2
64,0.0765531135088897,0.389938141386624,0.755397053826762,0.436062951418526,0.493220515542533,0.17660605089416,1,2,3,4,5,6,-1.8837,1.7,0.42,-0.02,1,3.46,1.74,1
65,7.54453981308212e-07,0.0389906321246279,0.922750740440899,0.504560840129434,0.957651892958867,0.0087158863337898,1,2,3,4,5,6,-0.1988,-3.23,-1.59,-1.97,0.63,4.23,-0.45,1
66,0.296477464973062,0.368491110816396,0.78978067692912,0.865197965363096,0.611706884804333,0.122955016972219,1,2,3,4,5,6,0.2647,-1.48,1.67,-3.92,1.91,0.97,-3.52,1
67,0.999896983853437,0.989573396529346,0.93008052119207,0.699424164234012,0.0698352877829848,0.0246089580666256,1,2,3,4,5,6,3.3395,0.82,-0.25,3.22,4.46,3.44,0.48,2
68,3.15333839202839e-07,0.251112391289799,0.145893854741879,0.522404518454368,0.953316422425752,0.224870320415155,1,2,3,4,5,6,-0.4788,0.02,1.47,-3.57,2.97,-4.1,4.45,1
69,0.998416516098981,0.659860337394028,0.979380632909859,0.818614856800021,0.00632591551267297,0.601660918656174,1,2,3,4,5,6,3.5263,-3.05,2.7,1.79,2.07,4.78,-2.88,2
70,2.22044604925031e-16,0.122920208098714,0.126643044114176,0.0936275436400465,0.0726882203419631,3.0146605595149e-09,1,2,3,4,5,6,-1.8846,-4.23,-3.53,-2.72,-0.47,-1.73,3.54,1
71,0.999998757448102,0.479572389464827,0.999719411440169,0.708884230671747,0.915314989510367,0.000224074721396812,1,2,3,4,5,6,4.8329,-1.18,-2.52,1.22,-1.9,-4.04,2.86,2
72,0.596414382974611,0.765419850782378,0.865606761243139,0.0204699197315533,0.00175833860025978,0.0111658444965952,1,2,3,4,5,6,2.7753,-4.43,-0.04,-1.25,1.66,-1.66,3.2,2
73,0.9999998251713,0.492116683668114,0.99996846858585,0.988255700344824,0.360442844199765,0.22662983808559,1,2,3,4,5,6,3.9266,0.04,-4.99,-4.42,3.85,-4.63,0.98,2
74,0.999999999304386,0.785152039722086,0.940825705616426,0.501311312407468,0.0763570081488145,0.0943008161652372,1,2,3,4,5,6,1.4847,-2.22,-2.52,0.15,2.12,-4.47,3.67,2
75,0.821923590342128,0.116380596950629,0.395825802963897,0.05896295959327,0.304579920789863,6.74251259746179e-07,1,2,3,4,5,6,0.5188,0.05,1.91,0.85,2.52,-1.74,-0.85,2
76,0.412899177580458,0.0234608168671204,0.987841728587047,0.996443887629999,0.439535772898431,0.000278298606785175,1,2,3,4,5,6,0.0937,-2.78,1.06,-4.38,-3.39,2.62,-4.14,1
77,0.99045415567157,0.980796312175859,0.538267625496257,0.277707641712488,3.80533906122055e-05,3.35114015644002e-05,1,2,3,4,5,6,4.659,0.73,4.93,3.61,-2.59,-4.53,-0.25,2
78,1.86536033214428e-05,0.542755005611692,0.767758927780217,0.20764919492425,0.902900424645363,0.156440023971067,1,2,3,4,5,6,0.2587,0.12,1.62,-3.27,0.65,3.66,0.92,1
79,0.316923953932124,0.98730505101171,0.351900605938819,0.500076533198764,0.653765709513711,0.247439526799657,1,2,3,4,5,6,-0.8473,-4.38,0.95,-0.31,-0.87,4.66,-2.96,2
80,0.0229914429455521,0.0164002271999542,0.828022390711654,0.891575215117986,0.331904361863143,0.0239924629981957,1,2,3,4,5,6,-0.7578,-0.89,0.66,-1.26,-1.68,4.13,2.91,1
81,0.941368157516323,0.998289089679913,0.319447375620665,0.645892825221881,0.00181551873582832,0.00425746867936591,1,2,3,4,5,6,1.0254,3.99,2.85,4.03,1.69,-0.62,-3.2,2
82,6.51454620083683e-13,0.848008109375945,0.980165361805024,0.460333448181577,0.891810490613959,0.0214869528086979,1,2,3,4,5,6,-1.003,-2.73,0.36,-2.36,-4.7,-0.83,0.65,1
83,0.999895640587015,0.976166613242902,0.0613851425342177,0.609677603819896,0.00615362902963703,0.00124476971389432,1,2,3,4,5,6,4.6053,3.36,1.15,3.76,-4.37,-4.22,0.23,2
84,0.871539814815455,0.506390345627284,0.503030780392201,0.0681588610959534,0.319683064279836,0.00306077618008896,1,2,3,4,5,6,2.7458,4.5,-1.18,0.08,2.47,0.82,0.05,2
85,9.84003963832052e-06,0.154976955422,0.329146923846832,0.491058200737774,0.432349392920917,0.177007142412519,1,2,3,4,5,6,-1.4117,-4.54,3.16,-3.26,-0.55,1.3,4.76,1
86,0.143077158374624,0.818196409748558,0.807981863524194,0.967310799996759,0.670750851759947,0.0534544041440552,1,2,3,4,5,6,-0.4554,2.27,1.42,-2.11,-4.62,-2.66,-4.67,1
87,0.999999999998621,0.997876851276034,0.739388721453596,0.917767186770202,0.170390713212832,0.0049324855481455,1,2,3,4,5,6,2.8051,-4.82,-3.26,-3.18,3.22,-3.7,3.29,2
88,0.140468596982063,0.721951603470785,0.972283971488109,0.873058140478545,0.881726842742574,0.000634963751064814,1,2,3,4,5,6,-0.5588,2.01,3.95,-3.9,-0.87,-4.62,-0.61,1
89,0.0636207303204642,0.579702172584841,0.858069762989569,0.935932964681453,0.899276564778851,0.368218960681651,1,2,3,4,5,6,-0.1845,-3.09,3.64,-2.96,4.58,-2.11,3.44,1
90,0.94869878334352,0.46142279416072,0.997241268113485,0.898915298223527,0.241262774685772,0.00522848971428636,1,2,3,4,5,6,2.6026,2.71,-0.16,-0.23,-0.81,0.37,-2,2
91,0.0461771318639445,0.618355044386479,0.888218224860202,0.99779309356557,0.641830059813167,0.862141285394868,1,2,3,4,5,6,-1.1217,-1.44,4.5,3.43,-1.36,-4.28,1.06,1
92,0.999993069986834,0.998474123619186,0.72722643805995,0.657960382903249,0.340759825728738,0.0400911989130525,1,2,3,4,5,6,4.606,3.44,-1.42,-2.43,4.56,-2.85,-3.64,2
93,0.000249892594069342,0.191514995473977,0.982798530190468,0.999987850818386,0.793345697482275,0.206832295832834,1,2,3,4,5,6,-0.8532,0.02,3.86,3.59,-3.14,-4.55,3.95,1
94,0.10228996423129,0.688453310973046,0.948995759566254,0.892908762654779,0.875472372558564,0.00139321864094438,1,2,3,4,5,6,-1.1112,4.34,3.86,-0.85,-1.23,-4.01,2.66,1
95,0.999989250401059,0.986776332604735,0.755368294995168,0.0234852184762693,0.25301513913366,0.108826428038421,1,2,3,4,5,6,1.1477,3.27,1.66,4.46,-2.11,3.01,3.95,2
96,0.989791903577718,0.186442977397971,0.180325530999105,0.291088086964401,0.367813010352467,0.000239050816474143,1,2,3,4,5,6,-1.5255,-4.7,1.66,-4.3,-4.36,1.1,-1.49,2
97,0.135640514883588,0.436762999065292,0.320497260450893,0.908317947716302,0.269603823016602,0.00325162147850553,1,2,3,4,5,6,-1.7547,4.74,0.28,-2.96,-4.62,1.4,-3.44,1
98,0.775098992108135,0.0749529947055685,0.965859015586986,0.916543823609812,0.768883697009404,0.0230844084235444,1,2,3,4,5,6,2.8603,3.32,4.88,0.57,1.92,3.49,-4.14,1
99,0.99999989290412,0.940448313769927,0.921785982318889,0.012556003592374,0.015361278665069,0.0850243663521722,1,2,3,4,5,6,3.7026,-2.38,1.21,3.31,-3.06,4.26,-0.54,2
100,4.06724613457417e-09,0.125274427248551,0.788977938573116,0.517861036220561,0.977058551198025,0.0765206883805199,1,2,3,4,5,6,0.0174,2.49,-1.07,3.98,0.1,-1.79,0,1
101,1,0.847795024310002,0.828401208572701,0.0485380312089476,0.372826489124439,2.90780341145811e-07,1,2,3,4,5,6,4.5461,-2.26,-0.97,4.51,2.84,0.83,0.15,2
102,0.0489951069553686,0.0381048943915879,0.997825513225517,0.808689473682811,0.691150094217362,0.102056199860404,1,2,3,4,5,6,2.0646,-0.73,1.43,-1.65,-3.55,4.43,-0.26,1
103,0.000192785304034958,0.42099232343608,0.957606550195013,0.916993963523814,0.594398948214217,1.64873952782226e-05,1,2,3,4,5,6,0.2494,0.03,0.08,-1.94,-0.89,-3.78,4.88,1
104,6.56869694281135e-12,0.705027187844593,0.924522239739429,0.990958207532584,0.113326155083602,0.160086382269887,1,2,3,4,5,6,-1.0645,3.77,-1.38,3.59,-4.61,1.92,4.29,1
105,0.841006810976104,0.966944740660241,0.968513919452716,0.55269829832362,0.136234439923005,0.224860703592306,1,2,3,4,5,6,2.8085,2.71,-2.43,-2.93,3.62,1.51,3.97,2
106,0.168536729826954,0.682572841233403,0.413093228158687,0.505007275399008,0.166292942268563,0.375570167644262,1,2,3,4,5,6,1.1391,1.77,2.08,1.01,-1.18,5,-3.82,1
107,0.999997216514164,0.99047080338798,0.969774999955045,0.720540229536258,0.0694988195071616,0.000449588112869139,1,2,3,4,5,6,3.173,-0.63,-0.94,0.43,3.62,-4.84,3.75,2
108,0.796815052787571,0.716982443189863,0.996671770117966,0.737035919334651,0.000813980976748857,0.417899491610524,1,2,3,4,5,6,0.5873,2.23,3.44,3,-2.01,-1.48,-2.23,2
109,0.990544030416102,0.998787043324586,0.814154052630219,0.99428857813478,0.246937186241964,0.0163322985726821,1,2,3,4,5,6,2.6279,1.11,-3.51,3.54,-1.92,4.26,2.93,2
110,0.41750930814226,0.949407638846141,0.992081501009753,0.327867092608256,4.14255930590634e-05,2.22044604925031e-16,1,2,3,4,5,6,3.237,-2.75,4.68,3.97,3.24,-3.78,4.31,2
111,0.792555599896751,0.0653806848449589,0.954435432912262,0.792239406903795,0.985545152069083,0.000472902098564034,1,2,3,4,5,6,-1.7887,0.76,2.46,-0.19,2.51,1.57,3.79,1
112,0.999999966906204,0.897387603987881,0.936424677197793,0.186221015629355,0.163018069509572,3.78505670754451e-06,1,2,3,4,5,6,0.5414,4.45,3.11,-1.3,4.94,-0.25,4.18,2
113,0.00783727529516587,0.45134203413241,0.128361704591709,0.838657751584793,0.864746633274378,0.00499001393121559,1,2,3,4,5,6,4.1364,1.45,1.65,-4.35,-0.18,-2.74,1.17,1
114,0.999999999999445,0.955173012130121,0.279641663888686,0.825423292226608,0.0154057846019637,0.1572179225864,1,2,3,4,5,6,1.0871,-4.01,-1.89,4.29,-4.68,4.31,0.79,2
115,0.00106296926836993,0.419278006659244,0.763067674657504,0.992038636964578,0.958495848569274,1.50512131594788e-05,1,2,3,4,5,6,-0.9664,-0.57,0.99,-0.3,-3.48,-0.04,-4.41,1
116,1,0.602213938376574,0.657672335556097,0.891809421578658,0.891687497752589,0.326810219720758,1,2,3,4,5,6,2.9864,-4.47,-3.37,4.09,-2.65,1.31,1.12,2
117,0.992072299528475,0.999944880429279,0.625219017612174,0.638874732284502,0.237713806871193,0.940373487734502,1,2,3,4,5,6,1.0591,3.69,-3.1,-2.04,-3.08,4.16,2.73,2
118,0.999999928102582,0.519962951295334,0.948116758085318,0.225061824348643,1.65059701250674e-06,0.000675346792799725,1,2,3,4,5,6,1.6322,3.16,-0.18,-0.78,1.52,-3.49,-3.49,2
119,0.99058394124777,0.853456426038264,0.881657549652333,0.974585243884845,0.41780903423454,0.230922679473041,1,2,3,4,5,6,3.6164,-3.36,-3.66,4.96,4.78,4.25,2.67,2
120,0.00176586219828413,0.668421196760406,0.685957223874119,0.856231162531719,0.10799726073917,2.51588705058071e-07,1,2,3,4,5,6,0.1694,1.72,1.37,3.08,-4.45,-1.56,-4.71,1
121,0.253413474212984,0.229353150609488,0.475454923866868,0.650798610888778,0.429709803576164,0.335991136846006,1,2,3,4,5,6,-1.5802,-1.06,-1.11,3.94,-2.92,-4.73,-3.36,1
122,0.999999654095819,0.998169431190307,0.440636510746578,0.100112758080007,6.8378084191281e-06,0.003351092980901,1,2,3,4,5,6,-1.0338,-2.7,2.42,2.92,-2.81,-0.63,1.41,2
123,0.821134508869698,0.756437279616912,0.545564642550746,0.0019318701074067,0.0678672396942787,2.37056724886022e-06,1,2,3,4,5,6,4.1422,-1.24,4.37,-0.81,-2.67,0.95,4.3,2
124,0.00264920521761627,0.394068148178732,0.54717847875578,0.836540892515128,0.717431316672091,0.125036002248487,1,2,3,4,5,6,-0.0081,3.05,-0.11,-0.52,-4.53,-3.37,-0.3,1
125,0.999999999013026,0.999373357271397,0.736057678596499,0.6846671358069,0.0989392431958128,0.145347590202892,1,2,3,4,5,6,4.9105,-1.44,-0.37,3.31,-1.32,1.62,1.25,2
126,0.00573906371424131,0.989862711877671,0.998957459211444,0.999995217062466,0.781660840740182,0.000423322476501083,1,2,3,4,5,6,0.0224,-1.58,1.8,0.51,3.21,-4.86,-0.26,1
127,0.962559531334282,0.893435221672191,0.982567051872399,0.228467551478722,0.0962345193718562,0.0283410368957241,1,2,3,4,5,6,2.2035,4.09,2.78,-2.82,1.5,3.85,-2.3,2
128,0.258122019514066,0.539574993310207,0.997194750309515,0.553019952645954,0.732990850180203,0.0155713314274771,1,2,3,4,5,6,1.4616,-0.92,-0.73,3,-0.25,-3.65,-1.35,1
129,0.99998417658222,0.538921899046069,0.742938853585746,0.48440420754512,0.423839918146454,0.0431793379573297,1,2,3,4,5,6,4.3882,3.22,-0.61,0.23,-3.7,1.23,-0.62,2
130,0.999999999987919,0.999944973668716,0.34895396709791,0.935174231507412,0.33623975051678,0.0587360918974513,1,2,3,4,5,6,4.4014,-0.9,-4.96,-0.24,-1.06,1.29,-1.64,2
131,0.00590778594385735,0.777532572563953,0.874538137914625,0.682387179663304,0.159611585084804,0.517633685481631,1,2,3,4,5,6,4.4578,0.68,-1.3,0.11,-0.96,-1.32,1.5,1
132,0.999999935478972,0.701922691761255,0.212117679997334,0.278505870410422,0.043358012711427,0.0336270996555274,1,2,3,4,5,6,4.3351,-0.78,2.43,-4.26,1.76,2.88,2.77,2
133,0.998107651955685,0.999404208310938,0.528394863132099,0.220773544895744,0.877950686865749,0.0695410776391868,1,2,3,4,5,6,1.8593,3.31,1.75,2.01,3.82,-0.87,4.83,2
134,0.999999999962937,0.763190098090372,0.99999984295247,0.726177762614955,0.175636348244831,0.160215673315976,1,2,3,4,5,6,0.4323,-2.14,-4.99,1.88,3.08,-1.97,-4.59,2
135,0.999989748648222,0.993617283421358,0.950238102137377,0.156421932938321,0.489580955416547,0.00335127623169002,1,2,3,4,5,6,4.4583,-3.88,0.57,-2.49,2.43,1.83,-4.28,2
136,0.998829050007921,0.999997225662809,0.999885945014129,0.90466236040397,0.372727174119737,0.549452786600302,1,2,3,4,5,6,4.8891,-2.88,-1.72,-2.57,-3.51,-1.3,-4.05,2
137,1,0.606248478943226,0.855630574604105,0.799648030829211,0.276172505545499,0.957054254618672,1,2,3,4,5,6,3.5739,-1.46,-3.29,-0.76,-1.72,-2.68,-0.34,2
138,0.999835031271424,0.918690482978346,0.989860159643954,0.45265756259977,0.00331996393658193,0.171597904822206,1,2,3,4,5,6,0.8521,-4.46,-1.8,1.73,-4.49,2.06,3.73,2
139,0.909121242746302,0.937508046022024,0.972986389294082,0.693320225176925,7.32895673053664e-05,0.000241560915666664,1,2,3,4,5,6,2.406,4.41,1.23,1.67,-3.72,3.19,4.31,2
140,0.999686726142149,0.999826229270293,0.256906504986895,0.88073723115286,0.339994076582822,0.00451052413702997,1,2,3,4,5,6,4.8245,-3.03,-4.13,-3.67,-3.81,3.1,3.39,2
141,0.997620931627004,0.934315408136497,0.729012709095228,0.803270496090821,0.332446251223084,0.000169597588812807,1,2,3,4,5,6,2.9443,3.22,0.85,4.67,-0.73,1.81,-3.38,2
142,0.00804421986789789,0.111122976631935,0.658974554189346,0.471186432715034,0.451323989985831,0.0158550805694304,1,2,3,4,5,6,-1.2421,-3.2,-0.42,4.1,2.38,-0.43,4.12,1
143,0.256466853288162,0.636020733230588,0.97761147701724,0.564658701731247,0.994758108449813,0.485867145320953,1,2,3,4,5,6,-0.2827,1.75,1.18,3.79,2.89,-0.63,-4.06,1
144,0.999954343545733,0.983960765417289,0.272222700562814,0.0160890302063985,6.98480825047907e-05,0.000113321698979396,1,2,3,4,5,6,4.012,-4.59,4.31,3.54,-4.92,-4.21,4.82,2
145,0.00290210609722208,0.294126721427894,0.95549627633104,0.936366271123624,0.611077045817093,0.83089505248104,1,2,3,4,5,6,2.1906,-4.96,2.28,4.68,1.84,2.78,2.94,1
146,0.534600785082437,0.999918323959608,0.99704723952464,0.106532971259768,0.153222153058721,0.0114982549266878,1,2,3,4,5,6,1.6949,-1.33,-0.39,-3.77,1,0.79,-4.69,2
147,0.935901158244903,0.374339707466233,0.836328328396571,0.963822709759291,0.382985247301226,0.0387666983547823,1,2,3,4,5,6,-1.9719,-4.83,4.2,-4.92,-1.18,-4.06,-2.33,1
148,4.10291873961279e-11,0.198056330150411,0.966032280464031,0.132994753181589,0.00659226563075773,0.0858626313402317,1,2,3,4,5,6,-0.5336,2.56,-2.05,-1.48,0.16,0.94,0.75,1
149,6.95381568262249e-05,0.116365467307147,0.929394535075903,0.163603165745018,0.149231188312997,0.230671229505352,1,2,3,4,5,6,-0.2171,3.82,-3.1,-2.16,-2.39,-2.62,3.74,1
150,0.999984669395005,0.944731533332708,0.998788579003781,0.96017937105441,0.124746734827022,0.323996932767105,1,2,3,4,5,6,3.5705,1.79,1.43,0.1,1.25,-1.65,4.46,2
151,0.999999999929032,0.943157400530265,0.847170744329071,0.735507809133671,0.609555757540912,0.394942974557847,1,2,3,4,5,6,-0.9948,1.31,-2.07,-1.79,3.93,-0.65,-1.12,2
152,0.999999999999281,0.932895624423102,0.999999985482907,0.031355089291645,0.675009195215022,0.0203832069923762,1,2,3,4,5,6,-1.3001,-1.3,-4.85,3.01,-3.55,-3.21,0.66,2
153,0.999998383113619,0.999984224229468,0.999946268056088,0.989206622016311,0.864901142495774,0.0310634263887235,1,2,3,4,5,6,0.0468,0.93,-4.4,2.51,0.18,2.87,3.05,2
154,0.999938686410954,0.639217907623984,0.551163472372126,0.0112908276890121,1.89788054291656e-06,2.29208398659502e-08,1,2,3,4,5,6,4.4908,2.2,4.55,3.12,0.99,4.99,-3.95,2
155,7.96019376266755e-15,0.00123961200984859,0.198837168411043,0.555981854411897,0.0888519538985082,2.04104625707497e-07,1,2,3,4,5,6,-0.5053,2.87,-4.68,0.63,-4.09,-2.25,0.39,1
156,0.992584121630156,0.907258831311788,0.252481645823719,0.174319745702148,0.033097627404702,0.16154215966535,1,2,3,4,5,6,1.7001,-0.48,-0.76,2.44,2.03,1.04,-3.19,2
157,0.0256493931304055,0.669192482018844,0.573833540856682,0.712017242575652,0.455222081338927,0.0975425809292826,1,2,3,4,5,6,-0.3881,-4.98,3,0.37,-0.27,-0.16,1.14,1
158,0.998665375426541,0.999999892131898,0.935432131140953,0.545528610381536,0.440361086468006,0.242045545134956,1,2,3,4,5,6,4.602,-1.75,-2.8,4.2,-4.55,1.69,3.3,2
159,2.22044604925031e-16,0.212672304485706,0.484615437017495,0.906834580405946,0.589727798957757,0.0782393252488884,1,2,3,4,5,6,-0.8241,1.22,-2.65,-1.11,2.11,-3.83,-3.97,1
160,1.38805739107471e-09,0.175106990963853,0.900933868773557,0.7081980683815,0.103322470378054,0.163411023456604,1,2,3,4,5,6,3.6889,4.7,-0.62,0.83,-1.39,1.34,-2.8,1
161,1.15783169541664e-06,0.211373490360097,0.978116316031891,0.666054206589542,0.392164891890585,0.978566043615406,1,2,3,4,5,6,-1.2259,-2.9,4.12,-2.53,2.42,-3.76,-2.35,1
162,0.999625604150981,0.871989837274875,0.83742692017324,0.638257113334414,0.122487641502372,0.0269048134143813,1,2,3,4,5,6,-0.948,-1.92,4.36,-4.63,4.14,-2.73,2.33,2
163,0.184790331410709,0.923590228977181,0.176733535243776,0.770720201464006,0.913448871672493,0.0626302797245195,1,2,3,4,5,6,-1.673,-2.48,0.02,-3.8,-4.43,2.84,-3.33,1
164,8.89224831486072e-08,0.174448891475804,0.265681674897354,0.998482756793345,0.213756648331544,0.0109887529372626,1,2,3,4,5,6,0.0082,-0.13,2.04,-4.43,3.24,-0.38,-0.2,1
165,0.999999974550318,0.999998760014391,0.873350541671053,0.984420191461956,0.266351317461353,0.0426633437558755,1,2,3,4,5,6,2.6778,-0.06,-3.65,4.67,-0.39,0.45,3.34,2
166,9.54254069437873e-05,0.252032629968653,0.0145566424925214,0.820079130041777,0.0215910059682093,0.00253158050315223,1,2,3,4,5,6,-1.2757,-1.1,-2.23,2.18,-2.73,-2.52,-0.34,1
167,0.411036998989968,0.697882964657729,0.649255294200679,0.718245580773603,0.639936850003127,0.149375333050809,1,2,3,4,5,6,-0.6189,4.53,2.92,2.5,2.49,4,2.15,1
168,0.999567373982387,0.469351238319506,0.724303074699039,0.316698756433081,0.5064197756913,3.03415623494843e-06,1,2,3,4,5,6,4.7302,3.54,-0.98,1.96,0.01,3.56,-3.33,2
169,2.22044604925031e-16,0.00825963782300736,0.0240325508836695,0.752028653395606,0.268814226084073,4.51164278094281e-05,1,2,3,4,5,6,0.3048,1.14,-3.6,-1.78,2.13,-2.16,2.49,1
170,7.00231581693549e-06,0.0788719010450515,0.891612596216465,0.866137866913039,0.933102626996328,0.436849879550713,1,2,3,4,5,6,-0.9581,0.63,2.47,-0.91,-2.8,-0.63,-3.47,1
171,0.734678270225877,0.986500495441742,0.808229216214679,0.676685638805811,0.0204568783908566,1.68210043490971e-13,1,2,3,4,5,6,1.3835,-1.44,4.71,-3.21,3.36,3.94,1.37,2
172,0.999999987541954,0.735942012162386,0.639427654902039,0.741638395806543,0.778120337691286,0.423039924126924,1,2,3,4,5,6,3.1745,4.65,-3.86,-2.25,-1.82,-0.69,2.9,2
173,0.999153854175981,0.960756856134849,0.829599603160103,0.291077010280815,0.0138541205821656,1.16851906645091e-14,1,2,3,4,5,6,4.1148,1.09,4.56,-0.47,-4.13,0.34,-2.08,2
174,0.979078318873632,0.999836891601398,0.999908806209596,0.64100884433223,0.0403358376778159,0.0501235860354177,1,2,3,4,5,6,0.3861,1.54,-0.32,4.91,-0.18,-0.87,4.77,2
175,1.07174582616395e-10,0.385033360275033,0.0825693555163394,0.353520795833791,0.828999481673159,5.90086361190043e-05,1,2,3,4,5,6,0.2854,-0.61,-1.17,3.34,-2.15,-2.17,0.73,1
176,0.999996972760682,0.589552814201883,0.350440227214551,0.899473716931545,1.78086533373271e-05,0.1794089435328,1,2,3,4,5,6,0.9074,-3.24,2.15,-1.98,-0.59,-3.89,1.94,2
177,0.926663353152894,0.999975699993678,0.981558102829203,0.116516239458498,0.272839211290158,0.000211817328023056,1,2,3,4,5,6,2.5661,0.46,-2.85,1.31,-4.03,-3.71,-1.91,2
178,0.988260401173672,0.999999999983388,0.999798073528227,0.766075355351212,0.7836946521405,0.156638059435519,1,2,3,4,5,6,0.96,-1.54,-4.2,-2.9,2.91,-3.89,-4.83,2
179,0.815284964747464,0.495672430605071,0.831891099705118,0.0665762132837419,0.459140229809979,0.658155494227471,1,2,3,4,5,6,3.8373,3.01,0.9,2.59,1.37,4.92,0.55,2
180,2.58461627309514e-05,0.30282658900313,0.143228197881749,0.999165303659378,0.103496029603477,0.0906907483589239,1,2,3,4,5,6,0.0629,-3.77,4.91,-0.31,4.45,-1.17,-0.3,1
181,0.996814607816092,0.999999806785876,0.856983021583239,0.627835615474802,0.150757901891613,0.0119493504664794,1,2,3,4,5,6,3.6956,2.6,-3.51,0.5,1.3,-4.74,4.4,2
182,3.16924858245064e-07,0.0829311067262257,0.209851115508809,0.729289376214835,0.757572133045546,0.291545392070056,1,2,3,4,5,6,0.088,1.59,0.06,4.71,-4,4.32,-1.14,1
183,0.938945491056091,0.63267537980244,0.0498664266848604,0.559207315382069,0.102475487328235,2.74076543484265e-06,1,2,3,4,5,6,-1.4438,1.56,2.62,3.29,1.79,1.07,-4.81,2
184,0.971939300155065,0.697852952609058,0.991498657031838,0.931148572290692,0.031546323619078,0.489165724738976,1,2,3,4,5,6,3.9979,3.18,-3.77,-0.55,-1.27,2.64,3.72,2
185,0.876196168750118,0.795437044221052,0.40304038301597,0.235282935245186,0.000687506445998068,0.0254138419046026,1,2,3,4,5,6,1.9216,3.07,3.22,3.19,4.78,1.93,-3.22,2
186,1.73826919306458e-06,0.204772039555065,0.804956346478542,0.69523854875717,0.493375715294216,0.0281273537166701,1,2,3,4,5,6,-1.1601,-2.48,-4.84,-3.55,-4.93,-1.38,0,1
187,0.995082870096219,0.589366516313371,0.540844967183366,0.971287799362627,0.733032626559798,0.00250211583459123,1,2,3,4,5,6,0.5716,-1.89,0.43,-2.06,1.45,2.96,-3.49,2
188,0.999997003875618,0.99915888524145,0.537270866967323,0.123213246382666,0.0973939656729889,0.0343931393336579,1,2,3,4,5,6,1.2747,2.98,-1.46,1.25,-4.34,-4.65,3.86,2
189,0.0163906811981842,0.619154094595608,0.968038046044331,0.760636848470706,0.896952665193847,7.40492371681574e-05,1,2,3,4,5,6,3.2055,-0.87,2.86,3.85,2.13,-4.25,0.7,1
190,0.999999999984235,0.950654252321734,0.533280007728119,0.823977335962172,0.814883600330493,0.324861839208463,1,2,3,4,5,6,2.3269,-0.37,-4.38,3.94,-3.59,4.41,3.61,2
191,0.999994161722326,0.990354228335994,0.733545117084318,0.00884709485363499,7.14143925438529e-05,0.0307925320036942,1,2,3,4,5,6,0.3534,-2.57,4.99,-3.97,-3.44,-4.46,-2.16,2
192,0.823964412387638,0.998604279603281,0.514225679940663,0.396958132765847,0.0226822648810969,0.717390119356035,1,2,3,4,5,6,-0.9417,0.59,-1.73,-1.63,-2.07,3.09,2.98,2
193,0.690517852149009,0.679050033929083,0.877499051252801,0.17548896886427,0.0926694601110911,1.89414179800364e-08,1,2,3,4,5,6,3.3249,3.06,2.35,-2.31,0.57,2.3,-2.98,2
194,0.999999999965961,0.999714139678127,0.295754236558455,0.633844016221861,0.0229522727850404,0.0162844614688232,1,2,3,4,5,6,4.1438,3.46,-3.95,4.33,2.26,-1.85,4.72,2
195,0.000275195916729278,0.291718678764013,0.872399317200624,0.469443407832757,0.343457573669607,0.0795671199585876,1,2,3,4,5,6,-1.8482,3.54,-0.33,-3.56,3.12,2.19,0.71,1
196,0.999985438464059,0.99995330104436,0.999381673369678,0.865210909865613,0.762112894281384,0.567081064106914,1,2,3,4,5,6,3.4804,-3.38,-3.75,-4.38,-0.59,-4.66,3.28,2
197,0.999999474420042,0.993248463963856,0.848103995344784,0.639139373455057,0.64947483090964,0.0410834943443101,1,2,3,4,5,6,-1.5852,-2.64,-1.06,-1.3,-4.39,2.84,-3.57,2
198,0.00221330093582271,0.638410108695989,0.951336145276408,0.996294355811366,0.643681813937087,0.0601301984711699,1,2,3,4,5,6,4.4988,-3.88,4.5,-3.18,-3.31,4.74,-3.51,1
199,1,0.999984653369551,0.999673985822666,0.787942210258182,0.204503821820973,0.660957274121914,1,2,3,4,5,6,3.9161,2.32,-2.93,-2.78,2.19,0.66,-4.14,2
200,0.999995791184828,0.859171284961308,0.921536237072684,0.51689778722763,0.487363624700192,0.0698065114549118,1,2,3,4,5,6,2.2588,-3.9,-2.37,-0.93,2.35,1.76,4.2,2
201,0.186328613981354,0.660417131633638,0.500344303241362,0.528977229933325,0.742492787707617,0.0254800057566671,1,2,3,4,5,6,-0.7456,-1.05,-0.52,-3.34,-1.44,4.36,1.7,1
202,0.727556517876823,0.926142317030967,0.255114964426523,0.000985972151090027,5.97021959577615e-06,0.113183539646016,1,2,3,4,5,6,3.7285,-3.73,2.22,0.75,2.32,0.24,-4.82,2
203,0.0874540445679898,0.0863278836590794,0.50923555343985,0.971991064248639,0.179672033171969,0.266296964759138,1,2,3,4,5,6,-0.4483,1.41,-3.15,2.87,-3.11,-2.73,-0.23,1
204,0.0443121543371268,0.0718821395220405,0.99467566065352,0.834804878410367,0.0858699811072352,0.560629357365631,1,2,3,4,5,6,0.6266,1.71,3.36,1.79,-4.35,-2.44,-4.65,1
205,0.0691509393152465,0.81860141329366,0.482861551509034,0.999513118193041,0.766163614380463,0.0190183497390699,1,2,3,4,5,6,0.8915,0.75,2.04,-1.27,0.28,-1.43,-2.85,1
206,0.507331376905227,0.271439525897302,0.292890290796778,0.998775034775308,0.992873683001742,0.14137228131913,1,2,3,4,5,6,1.1901,1.71,4.46,3.1,-2.15,1.41,-0.2,1
207,0.00383817673015853,0.904596898804738,0.318424490392019,0.999448579155032,0.870158432592866,0.0178967767733964,1,2,3,4,5,6,-1.8358,-2.45,-0.6,-0.57,1.35,3.03,0.48,1
208,0.000551775060239815,0.284160676698194,0.97280945291548,0.324829645361471,0.269216564184441,0.0220479602804066,1,2,3,4,5,6,-0.3974,1.58,-1.73,2.96,4.65,-3.86,3.15,1
209,0.0164543532756906,0.14760144091962,0.999268639375917,0.88212215869465,0.884611534278293,0.0474763114769043,1,2,3,4,5,6,-1.9617,-3.45,1.39,-1.67,3.13,-4.07,1.76,1
210,0.999989112239844,0.999768407694503,0.978312536842078,0.428490975306842,0.00277334768236274,0.134008787340011,1,2,3,4,5,6,0.4155,-4.36,1.37,4.89,-1.3,3.41,-4.16,2
211,0.460404362274121,0.634576388046396,0.44421771564469,0.017776107265097,0.0273148742020869,1.95936406546402e-05,1,2,3,4,5,6,2.9328,4.89,3.92,-3.1,2.87,0.16,1.82,2
212,0.999999999757856,0.983285192861659,0.816968901265929,0.16478603595035,0.452426441799768,0.000249193328546406,1,2,3,4,5,6,4.8535,0.54,-2.29,1.49,-1.18,-3.78,-2.31,2
213,0.0995352400480332,0.923676318395188,0.988905114806537,0.218789889462621,0.670867701324305,0.00629475870827188,1,2,3,4,5,6,2.0765,3.36,2.03,2.92,-1.04,-1.27,2.33,1
214,0.843178656107664,0.901089509150009,0.990557577211152,0.138594790114485,0.0010887194912695,0.144517415288627,1,2,3,4,5,6,4.5558,3.67,-3.64,3.68,-1.09,-0.62,3.6,2
215,0.998678039954063,0.981893207177057,0.497386963022752,0.703006768335206,0.237805084848367,0.0337976362942977,1,2,3,4,5,6,3.0439,0.2,1.23,4.2,0.69,-2.4,2.62,2
216,0.99999538321107,0.90775469668473,0.88707509464175,0.103555194626705,0.493886784031938,0.575146841524603,1,2,3,4,5,6,1.4859,1.77,-3.39,3.94,4.16,-3.53,-1.94,2
217,0.4193804504964,0.228645292900024,0.729993356030888,0.992851476511736,0.999422803427133,0.6603160384265,1,2,3,4,5,6,0.4317,-4.08,2.87,1.73,2.6,-3.1,0.56,1
218,0.968628196762783,0.666750292542063,0.145167444634958,0.286648209938758,0.0578819055081622,1.50631889007575e-07,1,2,3,4,5,6,0.8081,2.99,2.35,0.21,2.01,3.56,2.51,2
219,0.99988296484819,0.999999999984627,0.799289503357403,0.917069278783839,0.337932372996832,0.358625424701544,1,2,3,4,5,6,2.1672,-0.75,-3.38,-1.16,2.49,-0.24,1.11,2
220,0.996571667169129,0.869585343223062,0.892409385352116,0.244273071132673,0.0334335813308601,0.000977723066427771,1,2,3,4,5,6,2.2894,-4.07,1.08,0.54,-3.94,-4.18,-4.35,2
221,0.999999999999996,0.999948676154961,0.852797012368267,0.000574486685730131,0.293696818852016,5.18114873770802e-07,1,2,3,4,5,6,3.1783,-1.48,2.03,-4.55,1.47,1.08,-0.72,2
222,1.95607586728487e-07,0.275304010907883,0.0484778671110173,0.757605143602705,0.269026927633698,0.262563094377058,1,2,3,4,5,6,-1.493,4.32,-2.42,-0.44,2.67,3.06,0.92,1
223,0.193323088357053,0.711234936993923,0.615968219763136,0.668337849588586,0.924280589432351,0.627068586926269,1,2,3,4,5,6,3.8436,-0.39,4.75,0.81,-3.69,-2.13,-3.39,1
224,0.977264868095672,0.993794088233465,0.779129550337812,0.416115697821624,0.0678518254090692,0.0140165688270661,1,2,3,4,5,6,0.1556,-4.31,-1.23,4.7,3.53,-4.28,3.15,2
225,0.999999817261713,0.986964876911998,0.881651484865852,0.820090479804852,0.0394719733205321,0.00365115815047924,1,2,3,4,5,6,4.072,-2.58,-1.44,0.54,-4.31,-4.33,3.45,2
226,1.25531839223105e-05,0.00928171630716285,0.836726342718713,0.287591263914986,0.473129315229538,2.20084682581419e-06,1,2,3,4,5,6,-0.2574,4.74,-3.21,4.73,-2.61,1.43,-4.33,1
227,0.999999222291875,0.994100396555881,0.999538205642678,0.127095143551605,0.533013658918656,0.258086261999526,1,2,3,4,5,6,1.9799,2.6,-4.9,-1.24,-4.09,-3.77,2.52,2
228,0.000328869030529141,0.679830233116871,0.996120719187085,0.82897398686983,0.728780290579505,0.499432723958967,1,2,3,4,5,6,-0.9367,4.2,1.98,-4.57,-3.7,-3.68,2.84,1
229,0.394684173556644,0.877838346933701,0.686861359042659,0.821552731266783,0.231494393878512,0.0252165856647561,1,2,3,4,5,6,-1.0684,1.14,2.28,-3.79,3.75,2.32,0.38,1
230,0.953353005517285,0.664463117870054,0.774436947390759,0.537852677066844,0.00902830228395,1.28302343392816e-10,1,2,3,4,5,6,-0.4055,-0.54,3.96,-3.78,1.15,-3.95,2.5,2
231,0.499262587481045,0.622979880254066,0.706957181457262,0.852487766830754,0.894759805220538,0.0204956344566869,1,2,3,4,5,6,-1.7049,-0.19,-2.84,-0.38,-4.59,-2.28,-3.43,1
232,0.99999999398041,0.99991158449829,0.827815978663628,0.143967270533813,0.756771930442291,0.132025258748432,1,2,3,4,5,6,2.6009,4.19,-3.77,0.25,-3.3,-4.31,3.5,2
233,4.6659542992956e-09,0.050279048289919,0.805145316478843,0.236724299790761,0.779877824509334,0.250585129198176,1,2,3,4,5,6,-0.1387,-3.39,-1.27,-3.65,2.77,-4.03,0.97,1
234,0.999999900868412,0.976066783166579,0.908075086226954,0.549256085302381,0.838015291587157,0.28673286333079,1,2,3,4,5,6,2.7565,3.5,-4.13,-3.01,-1.84,-3.25,-1.28,2
235,0.000296225921103,0.733636043033254,0.0288768120681189,0.539043420235245,0.221641458221978,0.254965689616122,1,2,3,4,5,6,0.7373,4.96,-3.29,1.55,4.67,-4.04,3.63,1
236,0.996487980458097,0.454440216914742,0.370607000294217,0.0790000113941594,0.0316744180711488,1.56061815898055e-06,1,2,3,4,5,6,2.2462,2.5,1.82,-4.7,-2.95,1.44,-0.68,2
237,0.99999653187413,0.842585281310042,0.730474131020909,0.165902395268761,0.60400391438314,0.076955611660596,1,2,3,4,5,6,4.4156,-3.79,-0.74,2.48,0.73,2.04,-1.2,2
238,0.999903359348502,0.842136705369243,0.520812971547132,0.760680026422168,0.0940322771797755,7.98397447427335e-07,1,2,3,4,5,6,3.4169,-1.73,3.21,4.67,-2.65,-2.45,1.36,2
239,0.756441766819303,0.999999329848886,0.654521499877742,0.436950233966159,0.0716490802164252,5.45827659105333e-06,1,2,3,4,5,6,4.385,-4.97,1.44,-1.01,-0.27,3.2,2.51,2
240,0.990763175261722,0.777360646846364,0.508311189013002,0.0270520476230244,0.00126322154621606,5.59012350141211e-06,1,2,3,4,5,6,2.7229,4.93,4.66,4.62,-0.81,1.07,1.71,2
241,0.999999999515027,0.993279911300489,0.998741093354779,0.742380305346305,0.382337152309483,0.181025230982363,1,2,3,4,5,6,2.1629,-2.43,0.05,-0.48,2.57,0.84,-3.07,2
242,3.76380685396546e-05,0.829491173776409,0.991508771171134,0.999980158414932,0.397759117222183,0.0286154667003931,1,2,3,4,5,6,3.8499,-4.86,4.1,-3.54,-4.51,2.59,0.73,1
243,1,0.999999999366641,0.622437913451058,0.498260490957965,0.572921038902868,0.00262260551984224,1,2,3,4,5,6,1.5244,0.74,-4.14,3.48,0.42,3.61,0.35,2
244,0.995054198149247,0.99835587556063,0.000145743195488038,0.164236907184263,0.285436319795704,0.055258883441924,1,2,3,4,5,6,4.5887,2.79,3.83,4.5,-1.58,2.17,-2.06,2
245,0.999958129047979,0.858121565120223,0.994649648127815,0.482659417049144,0.16862118928868,0.334325695900141,1,2,3,4,5,6,1.1401,1.9,-1.23,-2.39,-3.39,-4.38,1.9,2
246,0.999999999999998,0.494199433867299,0.511611218238694,0.365530659859177,0.00441417388993315,0.205798622460471,1,2,3,4,5,6,3.6848,-2.4,-0.35,-4.1,0.9,-0.37,0.79,2
247,0.999812676839011,0.431308210220647,0.191678749274942,0.00111942894108472,1.86078681017412e-05,3.86648056392191e-10,1,2,3,4,5,6,2.9368,0.77,3.88,3.45,1.98,-0.14,4.33,2
248,0.0308483844531159,0.673747426913822,0.000346044463978618,0.379328949234788,0.378179903037635,0.000444426147550277,1,2,3,4,5,6,-0.8684,3.83,-3.89,4.25,1.22,1.95,-2.8,1
249,0.988554634243091,0.519161857803723,0.917569487628226,0.0546522228946083,0.614152198684022,0.00436788265285791,1,2,3,4,5,6,3.4415,1.47,0.75,3.15,-4.2,0.85,-4.4,2
250,4.74807047987044e-12,0.0165971393996793,0.927185805247753,0.999009801689902,0.578758608417652,0.0235754007762286,1,2,3,4,5,6,-1.9589,-1.75,-0.48,-0.97,1.7,-3.46,-4.33,1
251,0.747335572752488,0.9619225129296,0.89688524629892,0.00389547516795047,0.130516104754311,0.00416969419069856,1,2,3,4,5,6,1.565,-0.28,2.64,-4.77,0.87,3.08,2.65,2
252,0.99999543957012,0.877129466755687,0.15252638423539,0.254587149843948,0.159070223554158,9.68139027493566e-09,1,2,3,4,5,6,4.6337,-2.91,3.38,-3.36,2.08,0.91,-0.02,2
253,0.999832925356083,0.998156409128875,0.950435528672935,0.035882322908678,0.389427135207104,0.00122003655929179,1,2,3,4,5,6,2.3236,3.16,-0.85,-4.21,-3.48,4.08,2.65,2
254,1.02860033755118e-08,0.00149906574508481,0.307392230854954,0.460785509182082,0.874005956417003,0.000127663277190114,1,2,3,4,5,6,-0.9511,-3.11,-1.11,3.89,0.62,4.37,-1.33,1
255,0.369907203216108,0.779015545678963,0.729497042906354,0.454728803229668,0.857872985661221,0.0976928432319273,1,2,3,4,5,6,4.5054,0.78,2.55,-0.79,0.47,-3.71,4.09,1
256,0.00714091025713294,0.476546616024857,0.621797351481273,0.475656855787101,0.717811118476595,0.0544412573824413,1,2,3,4,5,6,-1.2514,-3.8,3.11,0.6,4.59,4.2,3.67,1
257,0.538657819056181,0.320891734099784,0.185961551439466,0.999447787875267,0.766096466122741,0.0368456840703674,1,2,3,4,5,6,-1.4212,-3.62,-4.73,3.95,-1.64,-4.51,3.98,1
258,0.999999999399236,0.997541149807316,0.703972652077003,0.832964383543479,0.0538739898390909,0.702834703506802,1,2,3,4,5,6,4.8381,-3.08,-3.11,-1.39,4.21,3.09,1.82,2
259,3.85535654509427e-08,0.501740921602845,0.996381540718495,0.984472148591896,0.681942716037241,0.817254187029573,1,2,3,4,5,6,2.4169,-3.94,3.18,4.43,-0.39,-4.11,1.54,1
260,0.999968589950963,0.722901784536947,0.694223552790619,0.550404425832702,0.0805886250663049,1.31398382504046e-05,1,2,3,4,5,6,4.1186,-2.98,-1.77,-4.39,-0.27,-0.9,-0.08,2
261,2.21333714482304e-09,0.280106482095017,0.74180404167241,0.612768849699215,0.184755942435558,0.00138578306181405,1,2,3,4,5,6,-0.6169,1.86,-4.82,0.05,-1.41,1.25,-1.03,1
262,0.999999999987393,0.999999999992143,0.816443766535905,0.280400228353023,0.342096452527491,0.188519379504824,1,2,3,4,5,6,-0.955,1.53,-3.49,3.07,3.35,-3.34,-2.27,2
263,8.03204041018533e-08,0.512360341851215,0.910854840935091,0.845303106042748,0.489058800802979,0.375997148633913,1,2,3,4,5,6,-1.8037,-3.08,-0.56,1.95,-2.04,3.89,-3.58,1
264,0.359847614445512,0.453885285155836,0.882380134681369,0.896430220456573,0.914620351857318,0.507105173038181,1,2,3,4,5,6,0.0215,2.83,4.07,4.24,-2.84,1.89,-4.83,1
265,0.948234262104647,0.191076782840335,0.227590969435813,0.00133943730326708,0.0203053632947692,2.01353687084677e-05,1,2,3,4,5,6,0.7463,-1.44,-0.15,-1.89,0.57,3.66,-1.93,2
266,0.999999999972273,0.973721736906822,0.982587685640938,0.0102054467099621,0.0616093847915931,0.0326296352067616,1,2,3,4,5,6,4.6274,-4.97,-0.03,2.94,-4.95,-0.06,-0.39,2
267,0.99616067194221,0.730459135780473,0.356689350053062,0.502817612622621,0.247533266034722,7.74317557784127e-10,1,2,3,4,5,6,2.8502,1.75,1.47,-3.89,-3.28,2.4,-3.03,2
268,0.999998411542967,0.595007228444023,0.848608339800262,0.0808765669922407,0.0141856231574722,0.170761852566607,1,2,3,4,5,6,-0.488,-2.58,2.04,-4.43,-2.95,-2.15,-3.37,2
269,0.999998521049307,0.923870617124572,0.974047515333515,0.997774086861158,0.378850937140997,0.756576237975638,1,2,3,4,5,6,4.0037,-0.04,-3.78,-3.39,-3.89,1.37,1.43,2
270,0.999999999984064,0.988359644181539,0.713205183820719,0.833916958308753,0.688039191571682,0.166661553615835,1,2,3,4,5,6,0.6245,-3.32,-4.91,-0.73,3.81,3.17,-4.65,2
271,0.936519875489365,0.374580798838467,0.985261915987576,0.537956860607453,0.0487410451817664,0.000262576128271755,1,2,3,4,5,6,2.9554,-3.32,1.73,-0.31,3.83,4.29,-4.26,2
272,0.9996868618223,0.904665055328969,0.946787411311582,0.668441604406114,0.0946895411084051,0.0806089364704593,1,2,3,4,5,6,4.288,4.35,-2.45,-3.22,4.98,-3.22,4.71,2
273,0.999999999999999,0.853797411738009,0.15131752322648,0.105781174412118,0.768244577242296,0.0126311827870962,1,2,3,4,5,6,3.9932,-2.01,-3,0.61,1.76,4.33,2.53,2
274,1.06141650332627e-05,0.0359011377889915,0.999134394937594,0.722780142052553,0.393478735877878,0.263576664124112,1,2,3,4,5,6,-0.586,3.66,-2.19,1.62,-4.08,4.03,1.21,1
275,0.997865158742615,0.998586358556076,0.400045077576851,0.577770618269447,0.00910190383051092,0.00383797883407432,1,2,3,4,5,6,1.7584,-4.6,1.65,4.32,-3.13,-1.07,3.9,2
276,0.567158164330303,0.991522548133156,0.746369288064968,0.624861202640087,0.871239288636228,0.0981904329108104,1,2,3,4,5,6,1.4574,0.61,-3.93,-3.71,4.62,2.23,1.21,2
277,0.98674954308337,0.812044411347448,0.438885237618873,0.0124709526379123,0.0241012452674554,0.068678939854986,1,2,3,4,5,6,-0.5427,4.82,0.93,1.52,-0.31,-0.63,-1.03,2
278,0.747947654410134,0.999999746395578,0.829646361346441,0.558105732908738,0.00485405083362451,0.141296421104432,1,2,3,4,5,6,4.7858,0.55,-1.17,1.05,4.36,-4.15,-4.18,2
279,0.999999976747464,0.999745679475505,0.806663887143813,0.904097479371846,0.529504916544119,0.131053261765798,1,2,3,4,5,6,3.8569,-0.39,-1.1,3.21,2.92,3.99,3.28,2
280,0.999999990733959,0.95792683921448,0.881662950736945,0.916474932428948,0.306871998326807,0.372211458387808,1,2,3,4,5,6,2.9967,-0.26,-3.94,-4.84,1.24,2.07,-2.05,2
281,0.0323778267053476,0.167922048792904,0.949971490024554,0.983783172491848,0.627965691751273,0.476137844428436,1,2,3,4,5,6,3.0495,1.61,-0.1,2.43,2.89,-4.84,-2.64,1
282,0.999999999999996,0.999864017403295,0.993812088787495,0.628051988563976,0.770820113111502,0.00650329259274435,1,2,3,4,5,6,1.5122,-4.82,-3.93,2.8,2.01,2.4,2.04,2
283,4.80751618116667e-12,0.409676850651966,0.448438664934914,0.217140322755538,0.241288541344374,1.90446163199122e-06,1,2,3,4,5,6,-0.7934,-3.29,-2.97,-0.79,-4.05,-3.07,-3.13,1
284,0.00220440017546688,0.910619562750397,0.996301386498689,0.981516347731858,0.491147447608188,0.00222800296912121,1,2,3,4,5,6,3.4735,1.01,2.14,2.72,-4.48,3.31,-3.22,1
285,0.999999999999688,0.877233393254205,0.712391124954057,0.903302793340161,0.380079072057703,0.0201846129991343,1,2,3,4,5,6,0.8698,0.33,-3.88,-0.47,-4.27,-1.77,4.33,2
286,0.999168316924157,0.998606759593212,0.999760210634349,0.934991674641623,0.169263483003447,0.787116789531739,1,2,3,4,5,6,4.5308,-4.23,-4.85,2.03,-5,-3.03,0.9,2
287,0.000259861181847896,0.727910368130002,0.4530583417054,0.974348093775155,0.478036103082361,3.67692795330354e-05,1,2,3,4,5,6,-0.2439,0.63,-2.19,3.28,0.96,-4.14,-2.15,1
288,0.000159275024608587,0.00844407043614044,0.962468156945419,0.228606849444345,0.0562081840625097,1.86073048747634e-05,1,2,3,4,5,6,-1.393,0.3,-0.54,0.42,3.42,2.19,-2.19,1
289,1,0.996380690081602,0.865149871389502,0.0521008556904759,0.287343971750911,0.419136714762196,1,2,3,4,5,6,1.0347,0.55,-3.34,4.19,3.75,-2.38,3.58,2
290,1,0.999798632801862,0.991442111674172,0.777240561020797,0.680528084001669,0.165154625877855,1,2,3,4,5,6,0.2905,-4.8,-3.03,-0.97,-0.76,3.45,4.37,2
291,0.414534299853939,0.975279490956214,0.643163314555011,0.0127414982666139,0.0531033956046252,0.431172541783543,1,2,3,4,5,6,0.1514,3.21,2.54,-2.03,1.22,-0.68,3.36,2
292,0.664019160301776,0.4894345622085,0.531978091108334,0.26550018151783,0.00927169392080325,2.22044604925031e-16,1,2,3,4,5,6,-1.1969,-3.61,3.53,4.82,-1.16,4.07,-1.08,2
293,0.999999998155077,0.929333090574325,0.840094308740219,0.276124793054756,0.261121840232181,2.42167097370509e-06,1,2,3,4,5,6,3.8832,-0.08,1.55,4.83,-3.29,0.49,2.79,2
294,2.22044604925031e-16,0.218327948460105,0.899016433089866,0.308556560378332,0.679002522215299,0.00562283693660082,1,2,3,4,5,6,-1.7568,0.98,-4.79,3.09,-2.78,-3.27,1.78,1
295,1.64021745456802e-11,0.0428604008492649,0.0973346559902852,0.841575393176322,0.259756178932514,0.362492566575701,1,2,3,4,5,6,4.413,-2.05,-1.61,-2.75,-2.61,-0.57,-4.83,1
296,0.999935426612194,0.945996432409331,0.883701911529798,0.3437350578314,0.00569612037897047,5.68922235437047e-10,1,2,3,4,5,6,1.6651,-2.07,4.59,-2.99,-4.3,2.55,-0.21,2
297,0.999999957876703,0.999470970907266,0.435733359492336,0.113608107972328,0.0817471410877231,3.45230012182187e-07,1,2,3,4,5,6,4.8133,0.05,-2.16,3.17,-1.6,-4.95,4.68,2
298,7.31021332455974e-15,0.140844173604196,0.89957163285843,0.607302296957209,0.0785276649750322,0.04923696525195,1,2,3,4,5,6,-0.3647,-4.67,-2,3.3,-2.19,3.91,-1.02,1
299,3.69594260722461e-11,0.677124436009515,0.382981265071141,0.831180674321406,0.693872523581323,0.0351589073007548,1,2,3,4,5,6,0.2778,3.17,1.31,-3.67,4.39,2.34,3.36,1
300,0.0262529183631086,0.550423802098048,0.819912701101651,0.565371419191245,0.0293354362931406,0.651238300899022,1,2,3,4,5,6,-0.7316,2.17,-2.54,4.48,-4.09,-1.68,2.35,1
301,0.0334017395191793,0.778687023575713,0.773411462402548,0.503366001636181,0.659624972479049,0.0395017182803028,1,2,3,4,5,6,-1.0525,-2.03,-1.83,3.12,0.08,-0.02,1.24,1
302,1.64450376162223e-05,0.656896977595321,0.76593344708768,0.600542752086174,0.53818977119687,0.000628239278029784,1,2,3,4,5,6,-1.8533,-0.05,0.18,-1.31,-0.27,-0.26,1.06,1
303,9.60824348665947e-05,0.687964382644291,0.81480568741239,0.996869255774097,0.468393755907921,0.0584789798511909,1,2,3,4,5,6,0.174,-3.45,-0.42,1.93,4.74,-4.26,-3.86,1
304,0.999997776592377,0.509517212891821,0.988166948923782,0.720089551020502,0.643299723191056,0.449941480931963,1,2,3,4,5,6,-1.759,-3.91,-2,0.79,-3.74,4.18,-1.73,2
305,0.00311431282478455,0.0106580680347552,0.174923408202028,0.621074746478867,0.789419373732782,0.178412813132459,1,2,3,4,5,6,-1.0534,3.09,-3.33,1.15,-0.76,2.86,-1.9,1
306,1.73022081059757e-08,0.0282412678771225,0.911859524203078,0.522656542359547,0.645779021858509,0.0202307698156671,1,2,3,4,5,6,-1.421,-0.9,1.87,-1.12,4.11,-2.31,-1.7,1
307,0.999999648189843,0.998296003604708,0.988544710010952,0.920328025113401,0.084539049078931,0.179870559989862,1,2,3,4,5,6,1.0188,-0.33,-2.8,0.68,1.76,2.68,-0.8,2
308,0.999956783664735,0.903265740762626,0.784025649896338,0.298249262607261,0.49826997309546,0.00184370119787968,1,2,3,4,5,6,4.2684,4.46,-1.98,-0.25,-2.34,-1.9,0.25,2
309,4.54532023113991e-06,0.486921589883798,0.0337194130393502,0.162571450480431,0.242297769127238,3.07672584694685e-07,1,2,3,4,5,6,0.2694,-3.98,-4.25,-3.26,3.47,-1.17,3.52,1
310,0.000313154441621669,0.106151946240926,0.951696476565765,0.988394470916198,0.778761795214969,0.193488537870024,1,2,3,4,5,6,0.0653,-2.1,-0.07,-3.22,-0.35,-2.27,-3.51,1
311,0.999999996834756,0.976893866556755,0.72981456728751,0.0729559905774182,0.110811124578745,0.322848175889318,1,2,3,4,5,6,1.5217,-4.48,-3.43,3.52,4.06,-0.27,-3.72,2
312,0.999693896115204,0.999352019096621,0.930596137778426,0.962267645271204,0.0265597064166077,0.000160178131418571,1,2,3,4,5,6,4.7511,2.13,-3.33,0.12,4.01,-1.89,-2.85,2
313,0.000853789641034205,0.945501491751233,0.995563402413029,0.515076290176909,0.936164786377539,0.000215446384728519,1,2,3,4,5,6,-0.8653,3.27,4.55,3.65,2.22,4.73,-4.37,1
314,0.998061114968107,0.985226448186419,0.899012326908449,0.301915744659934,0.151120598310587,0.0104122344976351,1,2,3,4,5,6,3.4694,-1.95,-1.54,4.45,0.45,-1.29,2.82,2
315,0.000648603987555052,0.535266785262718,0.41464087984116,0.733077933331767,0.0895420390855134,0.00408528381953354,1,2,3,4,5,6,3.0332,-3.19,-2.23,4.34,4.01,1.28,0.11,1
316,0.998538811846329,0.222044939898428,0.194845485137218,0.0343596423852906,0.230915272678794,0.865908850423837,1,2,3,4,5,6,4.8435,-3.78,1.6,3.69,-1.61,1.04,0.22,2
317,0.999985430954153,0.892350740232101,0.235972066418531,0.000480698845766918,0.0109254089205344,0.000312388380905401,1,2,3,4,5,6,2.131,0.74,4.43,3.74,-4.18,-0.31,-3.4,2
318,6.72437623256775e-05,0.283410813555519,0.408967944938533,0.954846658888659,0.0219595482560988,0.000321469502740056,1,2,3,4,5,6,2.8984,-2.22,-0.52,-2.42,2.08,1.73,0.38,1
319,0.999999999998447,0.999981357903173,0.762491686662216,0.705795502161819,0.471944953325033,4.06613420326681e-06,1,2,3,4,5,6,1.399,-1.89,-1.99,-3.57,-1.82,2.45,-1.29,2
320,0.785544444343029,0.948871420227012,0.966479129558217,0.0438531519648315,0.784020777855995,0.199412323799526,1,2,3,4,5,6,1.1291,-0.13,0.16,-2.09,2.5,-2.43,3.08,2
321,0.999999987176186,0.990025886349288,0.660720841994732,0.283133719196592,0.539869641790718,0.0258848177597089,1,2,3,4,5,6,3.7935,-1.37,0.77,1.68,4.34,-2.88,1.44,2
322,0.967137886884614,0.921668110415809,0.588535720778816,0.592244466632556,0.713193928805219,2.20145610447458e-07,1,2,3,4,5,6,3.2152,-3.43,-1.03,-1.33,4.64,3.33,-4.54,2
323,3.99428032623677e-15,0.2942126222786,0.935518640549829,0.77253591507967,0.15592730320005,0.0118096531625701,1,2,3,4,5,6,-1.9075,1.75,-0.05,-1.12,4.05,4.25,-1.11,1
324,0.930536010686359,0.998267817162378,0.999998399849321,0.685813611818943,0.202695554813118,0.243552757734868,1,2,3,4,5,6,4.5746,-2.52,-4.31,-0.39,1.09,1.49,3.48,2
325,0.990661023376108,0.963816300072485,0.809766235202997,0.119435621382394,0.000181273496616227,0.0831699819427772,1,2,3,4,5,6,2.7293,0.51,4.35,4.84,-0.03,1.45,1.75,2
326,0.00760567354604697,0.453289094025451,0.136269681533314,0.964030653222164,0.0311883055391889,0.503763980137887,1,2,3,4,5,6,2.6198,2.76,0.87,-4.18,-3.11,-4.38,3.47,1
327,0.999999999927127,0.990780019874262,0.041825104055393,0.179308736904664,0.440571725031122,5.10838541051175e-05,1,2,3,4,5,6,3.0304,3.83,0.8,3.02,4.07,4.26,4.54,2
328,0.00281103096661227,0.313487409544979,0.302004748972352,0.340305725135155,0.237307910936568,0.624253224413073,1,2,3,4,5,6,-1.7925,-3.05,0.29,-0.88,3.41,0.27,-2.7,1
329,0.999950743134965,0.154572481702629,0.524400987713908,0.0870203255935543,0.000676191076262321,2.23669395517455e-05,1,2,3,4,5,6,2.5725,3.19,2.72,0.11,3.84,-3.74,3.98,2
330,8.70370640647371e-06,0.0482202830331785,0.944460360110098,0.555836159887025,0.985803031130467,0.00127175660536078,1,2,3,4,5,6,2.4894,-0.23,-0.55,-0.09,-3.12,-0.19,-1.23,1
331,0.999999917086853,0.670244327268096,0.622864244442713,0.360179525178275,0.902051472493797,0.00568098654492922,1,2,3,4,5,6,1.6636,3.65,-3.19,4.71,1.44,-0.31,3.57,2
332,0.750853393083098,0.42190048560005,0.324979565257879,0.511338761040627,2.4452176741572e-05,4.03742421235878e-05,1,2,3,4,5,6,1.3315,-3.52,3.22,2.43,-1.36,-2.06,1.62,2
333,9.12981242215208e-11,0.107801510039307,0.692972154471952,0.081947911888945,0.114894563909892,0.554084855457889,1,2,3,4,5,6,2.6523,2.23,-3.9,-1.41,-0.15,-4.61,4.91,1
334,0.975770334930308,0.72987301922621,0.904357673184053,0.0639142307800516,0.936627592482261,2.73652354018685e-08,1,2,3,4,5,6,2.6896,3.7,3.51,-0.18,0.95,-0.63,-2.23,2
335,0.999999996374149,0.96401818242523,0.572133018629392,0.39295788689599,0.992836105405273,0.254762489513654,1,2,3,4,5,6,1.3217,-4.1,-2.41,-2.04,3.44,3.63,1.46,2
336,1,0.997536842018591,0.799765818036303,0.979883029104782,0.388698970976479,0.0593164805909423,1,2,3,4,5,6,2.0767,-0.92,-3.46,0.14,-3.36,4.68,-0.24,2
337,0.0467531763791857,0.369632067167068,0.996024628180196,0.789672925084892,0.238620798504245,0.0670236174300713,1,2,3,4,5,6,-0.9191,4.09,3.69,-4.09,-4.23,-1.35,-3.65,1
338,0.999988759590999,0.999798923834323,0.990855104432985,0.905495223576233,0.071603373817335,0.91732167462199,1,2,3,4,5,6,2.3195,0.92,-2.2,-4.12,4.83,-1.45,-2.66,2
339,0.117741381620807,0.266912355145582,0.914894822254738,0.999553679468971,0.787687668099716,0.345188549239044,1,2,3,4,5,6,-0.8539,0.9,1.32,2.79,0.56,3.42,-1.77,1
340,0.00607254732315801,0.566138562680171,0.763567815663472,0.994759835830533,0.213695163493436,0.294830731506406,1,2,3,4,5,6,-0.682,3.09,1.97,4.64,0.79,2.17,-4.39,1
341,0.93079564435763,0.831726384768847,0.103143179299874,0.171910762985637,0.0888530181738654,0.00575406381403947,1,2,3,4,5,6,3.1605,1.54,0.26,-2.65,3.85,-2.89,1.51,2
342,0.999999877027324,0.941978660738252,0.630004613800609,0.0345767108033854,0.0314312019997436,0.103435025384183,1,2,3,4,5,6,2.45,1.51,2.9,-1.97,-0.37,-1.7,1.28,2
343,1.55808041894951e-05,3.20109467279325e-05,0.378786693640273,0.426814528631658,0.88647938011887,0.00775222345161175,1,2,3,4,5,6,-0.408,-2.64,-1.28,4.69,1.55,4.28,2.48,1
344,1,0.999999669393265,0.89968688857784,0.87311596262268,0.136680521687446,0.000148230548005191,1,2,3,4,5,6,3.1668,3.86,-1.9,-3.63,3.3,-3.22,-2.33,2
345,5.10901078266318e-06,0.784666431041491,0.160058139541004,0.893159240903977,0.077787612029489,0.216373688936363,1,2,3,4,5,6,-1.1255,-3.21,3.89,4.22,-2.11,-1.12,-4.38,1
346,0.109157445942071,0.817329569305647,0.184860398150219,0.76756834517704,0.633678638777069,0.232836496903339,1,2,3,4,5,6,3.8944,-1.03,1.95,2.67,0.29,2.02,-3.37,1
347,0.0588025905571304,0.200777108603148,0.867051832139674,0.894156525099839,0.547780391941928,0.000191064145465893,1,2,3,4,5,6,-1.2352,1.13,-4.22,-4.23,2.44,1.89,-3.52,1
348,7.33400923397442e-06,0.535115135123217,0.811734425379774,0.279926177181469,0.309669745650887,0.00925526688472039,1,2,3,4,5,6,-1.2263,-3.09,0.71,-4.19,1.47,-3.25,-4.82,1
349,0.930627733149628,0.809848850601111,0.996989691796057,0.187646063055189,0.174296494658889,1.28169049310438e-08,1,2,3,4,5,6,0.3986,2.88,-0.43,2.74,3.1,3.01,1.94,2
350,3.61803386074032e-07,0.0353506663805013,0.84759334416036,0.99849657382009,0.454959791719896,0.45489433064721,1,2,3,4,5,6,-0.1484,2.63,1.62,-2.54,1.16,4.29,-1.45,1
351,0.99999998716021,0.499606272672381,0.210162238661849,0.0841969856420658,0.0385761175134131,0.00590944494719783,1,2,3,4,5,6,0.5549,-3.65,3.25,-0.64,2.72,3.67,-4.16,2
352,0.999252228079863,0.551339271781937,0.930694479874594,0.914223864447739,0.152518362984715,0.0420706838871879,1,2,3,4,5,6,0.7802,0,-3.37,4.45,2.93,0.89,-1.31,2
353,0.00693532002335,0.0330469790327157,0.552689763556602,0.493024081420548,0.24293216328822,3.2762640468807e-07,1,2,3,4,5,6,3.9457,2.22,-4.8,4.21,-0.6,-0.32,4.79,1
354,0.944045683689466,0.996294129061175,0.207126901505166,0.0410782722371883,0.00882654319676041,1.28556302844365e-06,1,2,3,4,5,6,4.7957,-3.49,2.64,-0.73,-4.7,3.08,4.56,2
355,0.101983320949567,0.0884173125825779,0.382278558336554,0.992949977142285,0.514687233702406,0.015327662388456,1,2,3,4,5,6,1.7329,1.99,2.67,0.21,2.91,4.35,-4.52,1
356,0.999999619701047,0.95165660052216,0.472532989081889,0.83031795132708,0.339248661302019,1.20289259909988e-05,1,2,3,4,5,6,0.667,-2.99,-4.47,2,2.67,-2.5,-1.54,2
357,0.000673801560938087,0.793361142297218,0.77061610006526,0.228452948347901,0.960355579112544,0.799908503000895,1,2,3,4,5,6,0.13,-2.22,0.08,-2.79,2.03,-0.29,2.98,1
358,0.999484829042992,0.825759075884813,0.614004308119334,0.651738833196446,0.0890624463944135,0.000633788089823024,1,2,3,4,5,6,3.8209,4.25,4.11,1.68,-0.7,3.44,-1.65,2
359,0.781941459852539,0.938684101387985,0.507772730325866,0.124038647138515,0.10406620514002,0.00283782943490856,1,2,3,4,5,6,4.9874,-2.9,1.76,-0.26,-2.22,1.35,2.98,2
360,0.998610279909142,0.943875265003121,0.990529761686552,0.23915306831304,0.00807358539447703,0.0840770356824494,1,2,3,4,5,6,4.6514,2.31,0.8,0.36,-3.17,-4.31,0.97,2
361,0.999956512535366,0.969322139051175,0.89990877119123,0.0822677067048213,0.0159893784161222,0.0118397308023487,1,2,3,4,5,6,1.3684,1.65,-3.68,1.12,-1.04,-1.88,0.69,2
362,0.999999999863053,0.943422013666704,0.763060895509745,0.591570138354551,0.316333374061932,4.17129834121196e-05,1,2,3,4,5,6,-1.4646,-3.6,-0.49,-2.97,-0.29,-1.84,-3.31,2
363,0.995308095850473,0.929900199318678,0.923125578179229,0.272944081390898,0.0548335927493471,0.578159999351949,1,2,3,4,5,6,2.8989,2.64,2.45,-2.01,1.12,-3.36,0.78,2
364,0.999999985500977,0.998786102805119,0.882725601000958,0.0668459683799511,0.0132530478927214,0.0614343459851705,1,2,3,4,5,6,3.7957,-1.04,-0.44,-0.67,3.63,-3.37,1.88,2
365,0.999999934798768,0.989609733347451,0.852474468941429,0.0942188968137892,0.111991610630149,0.434814656146141,1,2,3,4,5,6,3.2469,4.72,-0.3,2.54,-3.46,-4.51,-3.98,2
366,1,0.999944854141976,0.866923860908633,0.618149817418257,0.492557117863593,0.639283853594222,1,2,3,4,5,6,1.6183,-2.85,-4.11,1.59,0.34,-0.83,0.91,2
367,1.00067753793073e-11,0.000888146504867452,0.108300163198589,0.35979603234592,0.685784428556894,0.199303561587751,1,2,3,4,5,6,-0.1659,3.74,-1.87,0.64,-4.81,0.05,2.03,1
368,0.206405772773883,0.912589883095683,0.9972487277161,0.999662446965622,0.903221395336725,0.380836358733308,1,2,3,4,5,6,-0.316,-4.05,4.63,3.25,-0.05,-1.99,3.1,1
369,0.996053975185046,0.996073704753552,0.944257422492856,0.0671721741654469,0.0119488913192619,0.000267675465436662,1,2,3,4,5,6,1.1729,-0.81,1.13,-1.96,0.68,2.09,3.87,2
370,0.180577030827649,0.556726132145238,0.997799625755085,0.826323504653141,0.349248301090801,0.317043822146435,1,2,3,4,5,6,-1.9879,-2.35,3.8,1.3,-1.46,4.63,-1.72,1
371,0.997569002178014,0.921913200710229,0.5638284780287,0.138336725527657,0.00138202347484669,1.37650525622087e-11,1,2,3,4,5,6,2.997,0.38,4.34,-1.2,1.34,3.56,-3.3,2
372,0.97934957472306,0.939581819773973,0.938382812674152,0.973136737668473,0.593774584056783,0.0015701306316753,1,2,3,4,5,6,1.3578,2.22,-3.7,4.8,1.79,-3.11,1.48,2
373,0.999792136803184,0.998983825445748,0.998547242638472,0.99553023839896,0.694898824345201,0.5538691874206,1,2,3,4,5,6,4.9323,-4.12,-4.67,-2.27,1.09,0.11,-2.9,2
374,5.45431500609358e-08,0.106392033256857,0.873793645125345,0.788654583568531,0.597729930668655,0.863969025491699,1,2,3,4,5,6,1.655,2.47,1.1,-1.31,-2.96,1.05,-1.71,1
375,0.999995144639265,0.998683655139907,0.278757386405617,0.742898761931352,0.021771811398753,7.42228584865504e-07,1,2,3,4,5,6,2.6147,3.02,0.9,4.04,-1.6,0.82,-3.24,2
376,0.990236660651801,0.99999996687601,0.865225733682415,0.815082811262115,0.834867404478815,0.00731420233555231,1,2,3,4,5,6,3.8748,-2.85,-4.4,-3.22,2.64,-0.08,-0.64,2
377,0.999999999978094,0.999998538500374,0.98411966611214,0.974166728681791,0.0699942705319763,0.551714684183004,1,2,3,4,5,6,-0.1458,-4.26,-2.74,1.91,-3.77,-3.11,-3.87,2
378,0.123583747257452,0.432341155355442,0.149077242597632,0.852372399946226,0.311596772816123,0.00683098617628383,1,2,3,4,5,6,-0.9936,0.38,-2.68,-3.63,-3.68,4.23,2.49,1
379,0.260657896167718,0.934567664563718,0.98399725512659,0.987860502791145,0.312530395736566,0.4510212176011,1,2,3,4,5,6,3.9076,3.92,2.54,-4.7,3.62,-4.58,4.33,1
380,0.0484676489812574,0.416169302538037,0.982852954789999,0.8389021334014,0.852106637552632,0.0301462037340005,1,2,3,4,5,6,4.0705,-4.97,3,1.45,4.15,0.71,-4.38,1
381,0.999761186955743,0.247231833698183,0.985807851035304,0.923809142111301,0.188049743030718,0.586991464026647,1,2,3,4,5,6,0.5329,2.85,-4.27,2.01,1.71,4.68,-3.69,2
382,0.999999999999908,0.999272916418101,0.997409095204009,0.869731616182987,0.691866882755356,6.32402891889849e-05,1,2,3,4,5,6,3.4687,-0.04,-4.62,0.59,-3.09,1.18,0.68,2
383,0.391853451684132,0.600265081095302,0.454728505896056,0.835726651680848,0.00834557757582595,5.41818201843526e-06,1,2,3,4,5,6,2.1333,4.71,2.82,-2.24,-4.56,1.94,-4.21,2
384,6.71797630748301e-05,0.464631822143378,0.573792259623489,0.4167910566563,0.32271944502537,0.713823381453674,1,2,3,4,5,6,-1.4432,-4.3,1.1,2.63,-1.96,2.14,-0.27,1
385,0.997240909003133,0.992007040948022,0.696427252200474,0.0508234122167545,0.00124718040087219,0.178462997603924,1,2,3,4,5,6,2.0089,0.63,0.19,4.8,3.12,1.82,-4.56,2
386,0.999995282703908,0.847436636221613,0.999999998621594,0.0430050187318692,0.086914890727196,0.000255032489623029,1,2,3,4,5,6,0.374,0.5,-3.46,3.41,2.67,-0.82,0.68,2
387,0.99999998543015,0.908372339952951,0.87626552410074,0.0563997562767727,0.0618187561193749,5.19117426734427e-06,1,2,3,4,5,6,-0.2225,2.26,1.05,4.37,-2.31,-1.63,2.67,2
388,0.953258863306057,0.246501410928078,0.172070495012987,0.311797717542854,0.0682242489088194,0.0430000485932151,1,2,3,4,5,6,3.7397,4.84,4.26,3.12,-0.49,2.45,-1.59,2
389,0.999999867803948,0.797561324147628,0.680896642644719,0.608367770503522,0.756166214835155,0.00236334149938432,1,2,3,4,5,6,-0.7571,4.27,-0.3,4.63,-0.94,-3.54,3.55,2
390,0.999929587375913,0.984261854216668,0.935007820141333,0.385082047998788,0.207396877459133,0.316813239588828,1,2,3,4,5,6,3.2523,2.4,-2.41,-4.5,-0.79,3.27,4.27,2
391,0.999999393594085,0.881997707512032,0.46443357575421,0.465273005390731,0.102034180789731,0.200807597517345,1,2,3,4,5,6,2.3139,-4.5,-0.99,3.56,-0.93,-3.27,-1.76,2
392,3.09168284852418e-10,0.100237181972045,0.500051721903799,0.434732964715323,0.836678366694456,0.00149581453686832,1,2,3,4,5,6,-0.349,1.52,0.86,0.7,-2.8,1.89,-2.49,1
393,0.973314200345322,0.696706057741647,0.780120924785734,0.407402913527949,0.122320660244405,0.000603366210883871,1,2,3,4,5,6,3.7028,-1.97,-0.12,-1.37,0.66,-2.74,-2.8,2
394,0.484108176463577,0.995073996500104,0.10587578726946,0.418240681676144,0.000404611674364863,0.0043701142902993,1,2,3,4,5,6,-1.0144,0.75,1.48,4.6,2.57,-0.55,-1.86,2
395,0.0783228098987643,0.719156635647664,0.997077580739035,0.990617431726157,0.847901248849741,0.434750968857502,1,2,3,4,5,6,-1.2277,0.83,4.1,4.33,-1.39,3.15,3.41,1
396,0.999999985319701,0.999955039597031,0.830263129777045,0.150519857497031,0.631206018239493,0.0814482994596378,1,2,3,4,5,6,1.5242,1.85,0.03,3.29,1.61,-0.12,-3.56,2
397,0.0334117073881452,0.412543830822323,0.865455917049301,0.772677308528909,0.561104833067514,0.04059890927544,1,2,3,4,5,6,2.1804,0.76,3.33,1.81,3.67,0.55,-1.28,1
398,0.999999999999991,0.544021183066018,0.980847866795206,0.922693076478378,0.0588357372474501,0.0246314340376916,1,2,3,4,5,6,3.838,-2.82,-4.32,-0.55,-3.36,-1.61,2.77,2
399,0.661881025173816,0.999962278631967,0.993108080760313,0.937909260828192,0.00661887857635504,0.348988093550268,1,2,3,4,5,6,3.2285,0.84,-2.12,-2.01,-4.68,4.36,-0.24,2
400,0.999999999983277,0.999999994394452,0.997968135438969,0.269853232108545,0.200567798760984,0.174989774709934,1,2,3,4,5,6,3.3493,-4.48,-3.19,0.44,-0.03,-2.81,-1.39,2
401,0.986567344633858,0.185835848633625,0.687415063719436,0.916926692272613,0.0232405991158647,7.47219442438638e-07,1,2,3,4,5,6,2.3717,-2.82,2.74,-1.26,-3.55,1.55,4.78,2
402,0.999976867043525,0.975208502443817,0.990823150060326,0.947115720255011,0.00702867758350349,0.00722591248614026,1,2,3,4,5,6,2.6092,3.33,1.33,-4.11,-2.9,-4.49,-4.16,2
403,0.00565268189805056,0.105714086922149,0.523961918992447,0.955609353732843,0.423209742743903,0.166840479813268,1,2,3,4,5,6,-1.0692,-4.04,1.15,3.64,-4.57,-4.99,-0.5,1
404,0.00450913582521324,0.183066146096939,0.790432811161117,0.981582196068261,0.877504016315243,0.0669297002652048,1,2,3,4,5,6,-0.086,4.77,0.07,-3.03,-0.67,-1.49,4.47,1
405,0.994926222088182,0.605889741627269,0.953631193907136,0.486513532974637,0.253696003975484,0.0047156254121277,1,2,3,4,5,6,0.7108,2.49,0.76,1.96,2.69,2.53,-2.89,2
406,2.98268729815771e-06,0.124560112399462,0.560036655814925,0.80371583846937,0.0827859640513993,0.329463755815356,1,2,3,4,5,6,-0.0719,3.03,3.5,2.76,-4,2.06,3.59,1
407,0.999999759818692,0.334797593197935,0.798259799691538,0.932191215593428,0.116550774441831,0.00114112953159199,1,2,3,4,5,6,4.0602,3.1,-1.19,4.97,-3.39,-1.11,-2.57,2
408,4.46761495899594e-08,0.631518699711509,0.261299290470272,0.938222084098306,0.253883548011569,0.154167921397881,1,2,3,4,5,6,2.303,0.07,-2.71,-2.09,2.97,1.03,2,1
409,0.999679911407985,0.999887021598442,0.999375630700271,0.914456592256578,0.747029642889812,0.396766646257794,1,2,3,4,5,6,1.1985,2.67,-4.38,4.8,4.18,-2.59,4.53,2
410,1,0.999997167907678,0.773839099063511,0.353673683675832,0.166085133126026,0.580660972512459,1,2,3,4,5,6,4.899,-1.86,-4.75,0.71,2.12,-4.98,3.96,2
411,0.996168624059977,0.730061099608117,0.912754137189094,0.619133163953053,0.430703613908478,0.470250379244451,1,2,3,4,5,6,1.3454,-3.02,0.31,0.84,0.72,1.08,2.72,2
412,0.985950954278439,0.998036993393228,0.545009835814587,0.196324414361272,0.00597477052456019,0.00128082798713595,1,2,3,4,5,6,3.2847,1.64,2.65,-4.25,-0.67,0.84,-3.65,2
413,0.0601181026005252,0.403135182945888,0.975074760644731,0.782632846309364,0.331851484322499,0.0033255157069446,1,2,3,4,5,6,-1.012,3.77,2.94,-1.31,-1.55,1.05,1.78,1
414,0.999999708920385,0.998987413024236,0.844147618803522,0.771560166038444,0.886767913026382,0.00412173035262262,1,2,3,4,5,6,-1.9598,1.52,-1.44,-0.36,4.42,-3,-1.14,2
415,0.99968509719511,0.977332106466487,0.4070320295769,0.426161678592357,0.0831864924403117,0.0110643079708497,1,2,3,4,5,6,4.0117,2.74,4.87,-1.79,-0.59,4.41,-2.62,2
416,1.03713998970252e-05,0.521133679173003,0.775939389364961,0.749760093738538,0.289714378987232,0.000744966904647694,1,2,3,4,5,6,-0.1062,2.8,-1.76,3.65,-0.86,-0.63,4.63,1
417,0.0110136742792491,0.579900299212811,0.763109729960589,0.930577735847139,0.945871445168776,0.112466343364398,1,2,3,4,5,6,-1.6422,-0.7,4.24,3.08,1.8,-2.36,2.81,1
418,0.0741629711295738,0.0770367123506808,0.869767854795877,0.987095149697715,0.853541626082998,0.403746175613262,1,2,3,4,5,6,-1.2316,-4.05,4.25,0.03,1.26,-2.41,2.22,1
419,0.000209892105277445,0.944494453370476,0.824499571131859,0.888784074615333,0.38026933652504,0.129543071297741,1,2,3,4,5,6,-0.5349,-4.63,4.36,3.79,0.95,-1.53,-4.3,1
420,0.82922640491348,0.860997088189425,0.138532967874645,0.116230741557833,0.000275115097093626,0.0418569300860195,1,2,3,4,5,6,3.7145,-4.6,3.88,4.24,1.68,-1.14,3.04,2
421,0.993697979784242,0.84750393065482,0.208460947704,0.0145242035174325,0.092785870329573,0.0266014170572343,1,2,3,4,5,6,2.6566,1.14,2.6,-0.5,1.23,0.89,1.55,2
422,0.799309868532162,0.978218689385219,0.999999289041023,0.767219685497182,0.148393867675481,0.288103202454404,1,2,3,4,5,6,2.9647,-3.95,-2.12,2.14,-1.33,3.08,-1.06,2
423,0.000141828410474308,0.319317477132115,0.477571201384549,0.536667571773854,0.888758105596336,0.0708559933745874,1,2,3,4,5,6,3.5078,-3.23,4.44,-3.54,2.9,-4.05,2.53,1
424,0.999999999995184,0.992845739848285,0.999986294684217,0.589093223589296,0.142255382536796,0.570477288202046,1,2,3,4,5,6,-0.2172,-0.53,-3.07,-3.75,4.1,1.52,3.94,2
425,0.997728531192603,0.902945865849048,0.830563844909709,0.796494296201241,0.0070035499731209,0.0240787782547448,1,2,3,4,5,6,1.6592,-2.97,-1.72,3.14,-1.51,-2.89,-3.12,2
426,0.994270380027,0.919114145519558,0.668650819277308,0.0320942926672998,1.26461347608296e-05,8.92715145692184e-05,1,2,3,4,5,6,1.1376,2.76,3.36,-2.17,4.26,1.2,1.46,2
427,0.0181248372163945,0.466098207692485,0.885612628175114,0.735791995289275,0.682538266825455,0.0117317200406268,1,2,3,4,5,6,3.1352,1.37,4.05,-4.78,2.83,3.1,2.64,1
428,0.999984512975373,0.999977775538792,0.846171009627293,0.184444256541253,0.38587185640271,0.0623855385753101,1,2,3,4,5,6,2.1056,1.43,1.34,-1.13,-3.96,-1.2,-3.79,2
429,0.999999999997454,0.973814609674951,0.826334668323426,0.359846832725156,0.595614416002957,0.375228201340523,1,2,3,4,5,6,4.262,-4.26,-1.05,-3.75,2.95,-4.99,-0.32,2
430,0.00545384455298893,0.504980783595198,0.426779051114411,0.90416852979121,0.439186815943548,0.15728515167197,1,2,3,4,5,6,2.8142,1.48,2.87,-4.01,-4.68,-1.87,4.19,1
431,0.0498118330904339,0.0900502865305012,0.883654379115302,0.759971490313747,0.684581597306144,0.000243913306553311,1,2,3,4,5,6,-0.262,2.07,-4.75,4.89,-0.78,1.82,-1.79,1
432,0.0523402543234197,0.967118329599717,0.729827169715141,0.925228135168422,0.785623843551784,0.00170738928411063,1,2,3,4,5,6,-1.7138,-1.37,3.96,3.18,-0.88,1.04,1.81,1
433,0.0117572868150132,0.685244586985564,0.0620864295053291,0.940159400271802,0.918693269281457,0.00137856116780223,1,2,3,4,5,6,-1.9999,1.18,0.66,0.24,2,3.2,4.33,1
434,1,0.694838367446258,0.558683714445088,0.399944278349158,0.612314758356155,0.227871881937039,1,2,3,4,5,6,0.9837,3.91,-1.16,-0.9,-2.65,-2.28,0.55,2
435,1,0.999999999999615,0.898773803154077,0.999939121737868,0.619780257813818,0.131596756496198,1,2,3,4,5,6,-0.8523,-2.46,-4.08,-4.15,-4.01,2.34,-0.89,2
436,0.999532201162027,0.990064101760228,0.984125397202212,0.223470017079361,0.526943834756623,0.514795632456063,1,2,3,4,5,6,4.3958,-2.51,-1.79,-1.09,-0.1,1.52,1.69,2
437,0.955667338241021,0.997774770218414,0.840206080882912,0.213118296846173,0.644729185824168,0.0977761413636304,1,2,3,4,5,6,4.9668,1.11,-4.15,-4.4,0.88,1.19,1.08,2
438,2.22044604925031e-16,0.258962716950307,0.78005724041881,0.384034414307326,0.67714757785968,0.00340809574569008,1,2,3,4,5,6,0.4228,-4.16,-3.7,-4.3,1.7,-2.36,-1.84,1
439,0.99990348401065,0.984439368280598,0.663508645430937,0.211002561908476,0.00605666441881711,1.15299953086042e-06,1,2,3,4,5,6,2.9375,1.61,1.66,-1.19,2.04,-0.15,2.19,2
440,0.900135217422037,0.999980379933608,0.909400192929327,0.646974952273001,0.595169506629135,0.00696555335185034,1,2,3,4,5,6,4.894,-0.18,0.01,4.43,-0.51,-4.95,-4.92,2
441,0.0246451929706506,0.865700868190198,0.818258413723721,0.52940998379477,0.142619791463595,0.370456965335519,1,2,3,4,5,6,-0.8533,0.52,0.34,-1.43,-3.13,1.01,-4.26,1
442,0.992392515255449,0.999983281575498,0.981319676538981,0.566294870651818,0.501910450567062,2.53231738267424e-09,1,2,3,4,5,6,4.077,-0.81,-2.38,3.24,3.66,3.64,0.2,2
443,0.896353148136793,0.83641466208669,0.669674925019822,5.50548396836075e-05,0.236688100531841,0.0518626957760134,1,2,3,4,5,6,1.0748,1.49,2.24,-3.01,0.2,4.53,-2.33,2
444,0.982148042802017,0.912314827350603,0.74470602852749,0.45599573135734,0.074093636146124,1.84846481707222e-08,1,2,3,4,5,6,2.6956,-1.56,3.66,3.73,-3.61,4.67,0.85,2
445,0.851325159005727,0.960975219674083,0.636810707981718,0.120367128603423,0.844742325280689,0.0415455801249391,1,2,3,4,5,6,2.7948,-3.48,-0.25,1.07,4.81,-2.01,3.62,2
446,0.998544158779641,0.708533353440965,0.348328254327688,0.0328514836202735,0.153333998082059,0.0156336740349653,1,2,3,4,5,6,4.5446,1.61,4.14,1.91,0.43,2.14,2.51,2
447,0.505228606916789,0.899428202770504,0.868716760168834,0.281586226646775,0.0435215382927332,1.36215624910014e-05,1,2,3,4,5,6,1.0727,2.11,3.06,-3.65,-4.68,-4.94,-1.34,2
448,0.98689522664403,0.757246274391036,0.921153773669639,0.363030277821279,0.070655999263838,0.0786975472556843,1,2,3,4,5,6,3.6027,0.02,0.23,-0.09,4.58,0.72,0.75,2
449,0.953618179044312,0.903873069193473,0.691407337344499,0.626968341963601,0.0255141014357908,0.0260037453033096,1,2,3,4,5,6,-1.311,-4.1,-1.98,-4.55,-3.37,4.55,0.42,2
450,1.4807962929022e-05,0.478548114709743,0.578729808442598,0.995451863325821,0.434292332366877,0.0364696324020899,1,2,3,4,5,6,-0.4627,2.62,-1.67,3.34,-1.91,0.27,4.27,1
451,0.934408404083439,0.909949176110132,0.297784732197799,0.0348640332152356,0.0160664796547853,0.0582374570941607,1,2,3,4,5,6,4.3455,1.79,4.49,-2.14,-4.93,-0.95,2.03,2
452,0.935476220294406,0.998465094247423,0.963411940664199,0.431082733235738,0.152731956615187,0.0144239055955883,1,2,3,4,5,6,4.2288,1.68,-0.01,4.67,-4.95,-4.78,-1.69,2
453,0.0695408557167808,0.4483638762408,0.797275094705861,0.815177928801534,0.860876185437977,0.0503872884254115,1,2,3,4,5,6,0.6918,0.87,2.27,4.54,3.64,-0.59,0.84,1
454,0.997154578986979,0.938631758186408,0.0493841954375916,0.110789689399213,0.00137437780109716,4.45263938289025e-07,1,2,3,4,5,6,-1.2952,-3.71,4.03,1.51,-1.84,-1.69,0.1,2
455,0.999999909903004,0.945644047598889,0.612357248718263,0.355069075443381,0.0314755304552289,2.98142525081792e-16,1,2,3,4,5,6,2.8767,1.02,2.75,-0.18,-0.78,-1.35,-4.8,2
456,6.85725509328264e-16,0.285276747676021,0.975957862134972,0.940530139135395,0.737497622385044,0.00280147182268202,1,2,3,4,5,6,-0.2952,3.37,-0.82,-0.97,1.04,4.93,2.86,1
457,6.94736490682567e-14,0.73245215506547,0.79346233913831,0.941320823793066,0.123452903797793,0.0219349359706012,1,2,3,4,5,6,-0.5982,4.97,1.53,2.66,3.54,-3.05,-2.88,1
458,0.664864898630246,0.999979085796398,0.987561893730456,0.175738894265314,0.700860668376912,7.54731854088553e-06,1,2,3,4,5,6,3.023,4.02,2.39,-1.3,-0.57,4.94,-4.45,2
459,0.999999706751288,0.472230259286034,0.99749595551619,0.249131420829455,0.0561469334467823,0.395885577323147,1,2,3,4,5,6,1.4723,-0.31,-3.48,-4.87,3.75,2.65,-1.78,2
460,0.0418211677419044,0.509454789669096,0.659514202620643,0.141815500650707,0.354831187858393,0.822668915914439,1,2,3,4,5,6,-0.8808,1.11,4.1,-0.39,-0.41,0.19,2.11,1
461,0.853813084671885,0.999684319227167,0.852643524031222,0.292084461800427,0.149942388953451,0.00861420595450003,1,2,3,4,5,6,4.6954,4.33,-0.51,0.3,1.51,4.51,-4.88,2
462,0.161340293064227,0.941082508408574,0.441259850054093,0.99685310071195,0.983740096702422,0.627003849118665,1,2,3,4,5,6,2.6473,0.6,4.57,-1.76,-2.24,-2.48,-0.1,1
463,0.999997580604767,0.866509795844013,0.462433885769397,0.0309915437598918,0.786638136533396,0.0395457262019398,1,2,3,4,5,6,3.093,1.02,-2.84,1.2,1.12,1.06,1.22,2
464,9.61131428477357e-05,0.0824873490753493,0.888353185986795,0.147708757521177,0.971762570892199,0.00184533553191642,1,2,3,4,5,6,-1.4064,1.39,3.28,1.93,0.05,2.19,-4.65,1
465,0.0205691393874017,0.236602486154616,0.599483354916574,0.678587184170906,0.536123811923791,0.484755497808874,1,2,3,4,5,6,-0.5276,-3.81,-0.83,-1.66,-0.86,4.19,3.13,1
466,0.999999999999543,0.759107602879595,0.837309221820199,0.516428208173603,0.412725121262243,0.500931441319609,1,2,3,4,5,6,0.5565,-4.56,-4.73,3.93,-0.32,3.8,4.22,2
467,0.000461529736329065,0.236605033639233,0.98291416605287,0.845043691125139,0.451250632464167,0.0512674153663374,1,2,3,4,5,6,-0.2553,1.84,-2.69,0.83,3.47,4.83,1.85,1
468,0.999677448483891,0.391712705825026,0.196728558364907,0.309478485925122,0.683513993223385,1.0830753036061e-10,1,2,3,4,5,6,3.7344,-3.49,4.98,-0.83,1.8,2.08,0.15,2
469,0.0984948813654734,0.229863003749085,0.995335854296824,0.561084007384088,0.047194351238963,0.00014604722468324,1,2,3,4,5,6,-0.237,0.14,2.66,-3.73,0.39,4.62,4.54,1
470,0.999999985642601,0.999859658987243,0.518323343976151,0.527460158646103,0.340608951504617,0.000210182196923527,1,2,3,4,5,6,-1.9473,-4.02,-1.54,-0.03,2.49,-0.69,2.96,2
471,0.915148124769317,0.999941074242219,0.862564692187668,0.700405440989009,0.252201477604699,0.0255243022875071,1,2,3,4,5,6,3.362,-3.89,-2.68,2.65,-3.9,0.4,-0.22,2
472,0.999818374441177,0.985718990578876,0.0806517607744898,0.834150663451472,0.107542409257128,0.00438894461963177,1,2,3,4,5,6,2.5032,-4.04,0.44,-1.16,3.78,-3,-1.69,2
473,0.996389340331667,0.999999698681316,0.992443587314225,0.971191528473908,0.0593899403127834,0.00106122201671603,1,2,3,4,5,6,3.3933,4.44,-2.41,3.9,-2.76,2.42,0.77,2
474,0.999834327149329,0.999437175856661,0.567304877366378,0.158500033598024,0.254162480932052,9.97715639580193e-05,1,2,3,4,5,6,2.7838,4.78,3.19,-4.46,-3.05,0.43,1.11,2
475,0.866837790127537,0.329385632653172,0.0600721216075817,0.127742721540068,0.00197674401283943,2.50968903852276e-06,1,2,3,4,5,6,2.7275,0.65,4.06,-2.24,-3.33,-0.45,-1.36,2
476,0.90664997550518,0.998840256161854,0.77341527900208,0.635289032977029,0.685555296542855,0.0256887416199525,1,2,3,4,5,6,4.5393,-2.51,-3.11,-3.26,2.34,-1.09,2.38,2
477,0.995537841562611,0.997265808893977,0.57920739551794,0.559660632697113,0.236606714786054,0.0408797608999949,1,2,3,4,5,6,0.564,3.25,-0.42,-1.54,-2.71,4.84,4.13,2
478,5.93239164171642e-09,0.00358895338923624,0.908063756925703,0.083165841672232,0.70566815619596,0.00397879586245016,1,2,3,4,5,6,-0.4852,3.4,-2.77,-1.22,2.42,-3.72,-3.14,1
479,0.451107312157019,0.057112963228992,0.464466726911133,0.999043905893225,0.268420986903298,0.527815336089316,1,2,3,4,5,6,-0.0889,0.52,1.32,2.36,2.87,-3.93,3.55,1
480,0.946683925741216,0.490122400260106,0.889344503596301,0.0400476195849191,0.431136271724133,2.22044604925031e-16,1,2,3,4,5,6,1.934,0.39,4.66,-0.72,1.25,-2.59,3.79,2
481,0.999629185830269,0.584861649466242,0.353311852837199,0.242484594424479,1.31768454447634e-05,0.00182485113296595,1,2,3,4,5,6,0.4108,-0.39,4.74,4.53,4.66,4.08,2.31,2
482,0.894590532532055,0.525772356453602,0.624619659858263,0.476004995179793,0.23030052202043,7.0390871662958e-10,1,2,3,4,5,6,4.2373,0.31,3.14,-2.27,-0.27,2.06,-4.83,2
483,0.76609219122806,0.987462429579229,0.155493273417379,0.0690321918339593,0.0080014889497235,0.00504808601850471,1,2,3,4,5,6,1.3375,-2.54,2.78,-1.5,-3.65,1.6,2.87,2
484,2.26413031152839e-06,0.109247616466196,0.472341090031579,0.490882017529398,0.525372081476872,0.0740233894038069,1,2,3,4,5,6,-0.5335,-3.77,-3.67,-0.42,0.25,3.87,-1.1,1
485,0.476204403857896,0.898329081404587,0.308904920350259,0.415965511668046,0.230965935243017,0.299027775832092,1,2,3,4,5,6,3.0334,-1.68,0.7,-1.85,-1.97,0.28,4.7,2
486,0.999996394967619,0.99909048741143,0.999083721570942,0.136681287422129,0.756051292005196,0.15151357861638,1,2,3,4,5,6,1.0373,0.39,-3.15,-4.45,-2.97,-3.5,-0.88,2
487,0.0543850841659822,0.42415649141532,0.702932118785463,0.738847896600527,0.884995964447976,0.0421505483506211,1,2,3,4,5,6,3.1515,-0.53,0.31,4.48,3.5,-1.02,4.8,1
488,0.000625334692169469,0.663582421344845,0.502403364104784,0.997468432551167,0.712390529486362,0.0866506683840842,1,2,3,4,5,6,-0.7046,2.98,4.89,0.79,-0.93,-1.6,1.95,1
489,0.188548316866505,0.0529521497004831,0.923070209787988,0.703411627612437,0.521746886702731,0.479439721799976,1,2,3,4,5,6,-0.422,-0.85,-0.41,-2.1,-0.13,0.26,1.53,1
490,0.92160686179273,0.476846791146756,0.482390260217428,0.0524794619612223,0.000155384505355411,1.66262400215327e-11,1,2,3,4,5,6,0.8679,-2.14,4.95,3.97,-1.7,0.04,4.01,2
491,7.59759356623289e-12,0.2419962284869,0.278970724157969,0.158979605393107,0.0403175949607203,0.000248746850680001,1,2,3,4,5,6,-1.6965,3.23,-0.66,-3.76,2.52,4.27,-2.09,1
492,0.000758528717570278,0.33335278312271,0.975788803696652,0.788082535376868,0.247632307003605,0.141503027367312,1,2,3,4,5,6,0.0841,2.12,-2.77,-1.69,4.7,1.55,-0.28,1
493,0.784025604545258,0.874018474496482,0.392863698903936,0.791098001312511,0.310048871438407,0.433366225556644,1,2,3,4,5,6,-0.9948,2.46,1.06,3.01,1.86,4.54,-2.64,2
494,0.766143597202043,0.0421922066364509,0.527838008710683,0.613099801629491,0.146078083145532,0.0219645124116983,1,2,3,4,5,6,0.4007,3.56,4.81,4.44,2.86,-1.77,3.36,2
495,0.99999999957161,0.991908201450406,0.964360904761315,0.960938388374454,0.300294491037693,0.456293563242054,1,2,3,4,5,6,2.4167,3.47,-3.16,-4.99,3.11,-4.38,2.21,2
496,0.958231278491373,0.999676043250628,0.906381404415435,0.795903269865004,0.402230110772856,0.0484789567216525,1,2,3,4,5,6,2.26,-0.68,-2.43,-1.5,-3.78,0.73,-4.99,2
497,0.99999963104077,1,0.696910765071454,0.642983545686097,0.389866840095624,0.578104524710908,1,2,3,4,5,6,0.5031,0.43,-4.6,-3.8,1.27,-0.73,3.45,2
498,1,0.999920833902711,0.439194117328394,0.307780410735143,0.660939874086931,5.93572952332117e-06,1,2,3,4,5,6,4.4257,-1.14,-2.61,1.15,-4.95,-4.58,-2.78,2
499,0.978877449662346,0.844303157782701,0.297529184093184,0.362347187890871,0.179623228845612,5.45869991691905e-13,1,2,3,4,5,6,4.5767,-3.06,4.67,-2.57,2.85,1.87,-3.87,2
500,0.999988415014951,0.647064053254544,0.833115989398955,0.386131296912912,2.11752274840656e-06,2.49935217200819e-05,1,2,3,4,5,6,-1.6977,-2.21,3.19,1.38,0.64,-4.01,0.23,2
